0 verbose cli /opt/homebrew/Cellar/node/24.6.0/bin/node /opt/homebrew/bin/npm
1 info using npm@11.5.1
2 info using node@v24.6.0
3 silly config load:file:/opt/homebrew/lib/node_modules/npm/npmrc
4 silly config load:file:/Users/sargupta/AIPodcast/.npmrc
5 silly config load:file:/Users/sargupta/.npmrc
6 silly config load:file:/opt/homebrew/etc/npmrc
7 verbose title npm install @google-cloud/text-to-speech
8 verbose argv "install" "@google-cloud/text-to-speech"
9 verbose logfile logs-max:10 dir:/Users/sargupta/AIPodcast/.npm-cache/_logs/2025-12-21T09_44_18_576Z-
10 verbose logfile /Users/sargupta/AIPodcast/.npm-cache/_logs/2025-12-21T09_44_18_576Z-debug-0.log
11 silly logfile start cleaning logs, removing 1 files
12 silly packumentCache heap:4496293888 maxSize:1124073472 maxEntrySize:562036736
13 silly logfile done cleaning log files
14 silly idealTree buildDeps
15 silly fetch manifest @google-cloud/text-to-speech@*
16 silly packumentCache full:https://registry.npmjs.org/@google-cloud%2ftext-to-speech cache-miss
17 http fetch GET 200 https://registry.npmjs.org/@google-cloud%2ftext-to-speech 1576ms (cache miss)
18 silly packumentCache full:https://registry.npmjs.org/@google-cloud%2ftext-to-speech set size:undefined disposed:false
19 silly placeDep ROOT @google-cloud/text-to-speech@6.4.0 OK for: omni-cast@0.1.0 want: *
20 silly fetch manifest google-gax@^5.0.0
21 silly packumentCache full:https://registry.npmjs.org/google-gax cache-miss
22 http fetch GET 200 https://registry.npmjs.org/google-gax 808ms (cache miss)
23 silly packumentCache full:https://registry.npmjs.org/google-gax set size:undefined disposed:false
24 silly placeDep ROOT google-gax@5.0.6 OK for: @google-cloud/text-to-speech@6.4.0 want: ^5.0.0
25 silly fetch manifest @grpc/grpc-js@^1.12.6
26 silly packumentCache full:https://registry.npmjs.org/@grpc%2fgrpc-js cache-miss
27 silly fetch manifest @grpc/proto-loader@^0.8.0
28 silly packumentCache full:https://registry.npmjs.org/@grpc%2fproto-loader cache-miss
29 silly fetch manifest duplexify@^4.1.3
30 silly packumentCache full:https://registry.npmjs.org/duplexify cache-miss
31 silly fetch manifest google-auth-library@^10.1.0
32 silly packumentCache full:https://registry.npmjs.org/google-auth-library cache-miss
33 silly fetch manifest google-logging-utils@^1.1.1
34 silly packumentCache full:https://registry.npmjs.org/google-logging-utils cache-miss
35 silly fetch manifest node-fetch@^3.3.2
36 silly packumentCache full:https://registry.npmjs.org/node-fetch cache-miss
37 silly fetch manifest object-hash@^3.0.0
38 silly packumentCache full:https://registry.npmjs.org/object-hash cache-miss
39 http fetch GET 200 https://registry.npmjs.org/duplexify 359ms (cache miss)
40 silly packumentCache full:https://registry.npmjs.org/duplexify set size:undefined disposed:false
41 silly fetch manifest proto3-json-serializer@^3.0.0
42 silly packumentCache full:https://registry.npmjs.org/proto3-json-serializer cache-miss
43 http fetch GET 200 https://registry.npmjs.org/google-auth-library 379ms (cache miss)
44 silly packumentCache full:https://registry.npmjs.org/google-auth-library set size:undefined disposed:false
45 silly fetch manifest protobufjs@^7.5.3
46 silly packumentCache full:https://registry.npmjs.org/protobufjs cache-miss
47 http fetch GET 200 https://registry.npmjs.org/node-fetch 393ms (cache miss)
48 silly packumentCache full:https://registry.npmjs.org/node-fetch set size:undefined disposed:false
49 silly fetch manifest retry-request@^8.0.0
50 silly packumentCache full:https://registry.npmjs.org/retry-request cache-miss
51 http fetch GET 200 https://registry.npmjs.org/google-logging-utils 420ms (cache miss)
52 silly packumentCache full:https://registry.npmjs.org/google-logging-utils set size:undefined disposed:false
53 silly fetch manifest rimraf@^5.0.1
54 silly packumentCache full:https://registry.npmjs.org/rimraf cache-miss
55 http fetch GET 200 https://registry.npmjs.org/proto3-json-serializer 331ms (cache miss)
56 silly packumentCache full:https://registry.npmjs.org/proto3-json-serializer set size:undefined disposed:false
57 http fetch GET 200 https://registry.npmjs.org/rimraf 320ms (cache miss)
58 silly packumentCache full:https://registry.npmjs.org/rimraf set size:undefined disposed:false
59 http fetch GET 200 https://registry.npmjs.org/@grpc%2fgrpc-js 863ms (cache miss)
60 silly packumentCache full:https://registry.npmjs.org/@grpc%2fgrpc-js set size:undefined disposed:false
61 http fetch GET 200 https://registry.npmjs.org/@grpc%2fproto-loader 906ms (cache miss)
62 silly packumentCache full:https://registry.npmjs.org/@grpc%2fproto-loader set size:undefined disposed:false
63 http fetch GET 200 https://registry.npmjs.org/object-hash 912ms (cache miss)
64 silly packumentCache full:https://registry.npmjs.org/object-hash set size:undefined disposed:false
65 http fetch GET 200 https://registry.npmjs.org/protobufjs 781ms (cache miss)
66 silly packumentCache full:https://registry.npmjs.org/protobufjs set size:undefined disposed:false
67 http fetch GET 200 https://registry.npmjs.org/retry-request 821ms (cache miss)
68 silly packumentCache full:https://registry.npmjs.org/retry-request set size:undefined disposed:false
69 silly placeDep ROOT @grpc/grpc-js@1.14.3 OK for: google-gax@5.0.6 want: ^1.12.6
70 silly placeDep ROOT @grpc/proto-loader@0.8.0 OK for: google-gax@5.0.6 want: ^0.8.0
71 silly placeDep ROOT duplexify@4.1.3 OK for: google-gax@5.0.6 want: ^4.1.3
72 silly placeDep ROOT google-auth-library@10.5.0 OK for: google-gax@5.0.6 want: ^10.1.0
73 silly placeDep ROOT google-logging-utils@1.1.3 OK for: google-gax@5.0.6 want: ^1.1.1
74 silly placeDep ROOT node-fetch@3.3.2 OK for: google-gax@5.0.6 want: ^3.3.2
75 silly placeDep ROOT object-hash@3.0.0 OK for: google-gax@5.0.6 want: ^3.0.0
76 silly placeDep ROOT proto3-json-serializer@3.0.4 OK for: google-gax@5.0.6 want: ^3.0.0
77 silly placeDep ROOT protobufjs@7.5.4 OK for: google-gax@5.0.6 want: ^7.5.3
78 silly placeDep ROOT retry-request@8.0.2 OK for: google-gax@5.0.6 want: ^8.0.0
79 silly placeDep ROOT rimraf@5.0.10 OK for: google-gax@5.0.6 want: ^5.0.1
80 silly fetch manifest @js-sdsl/ordered-map@^4.4.2
81 silly packumentCache full:https://registry.npmjs.org/@js-sdsl%2fordered-map cache-miss
82 silly fetch manifest lodash.camelcase@^4.3.0
83 silly packumentCache full:https://registry.npmjs.org/lodash.camelcase cache-miss
84 silly fetch manifest long@^5.0.0
85 silly packumentCache full:https://registry.npmjs.org/long cache-miss
86 silly fetch manifest yargs@^17.7.2
87 silly packumentCache full:https://registry.npmjs.org/yargs cache-miss
88 silly fetch manifest end-of-stream@^1.4.1
89 silly packumentCache full:https://registry.npmjs.org/end-of-stream cache-miss
90 silly fetch manifest inherits@^2.0.3
91 silly packumentCache full:https://registry.npmjs.org/inherits cache-miss
92 silly fetch manifest readable-stream@^3.1.1
93 silly packumentCache full:https://registry.npmjs.org/readable-stream cache-miss
94 http fetch GET 200 https://registry.npmjs.org/yargs 36ms (cache miss)
95 silly packumentCache full:https://registry.npmjs.org/yargs set size:undefined disposed:false
96 silly fetch manifest stream-shift@^1.0.2
97 silly packumentCache full:https://registry.npmjs.org/stream-shift cache-miss
98 http fetch GET 200 https://registry.npmjs.org/lodash.camelcase 293ms (cache miss)
99 silly packumentCache full:https://registry.npmjs.org/lodash.camelcase set size:undefined disposed:false
100 silly fetch manifest base64-js@^1.3.0
101 silly packumentCache full:https://registry.npmjs.org/base64-js cache-miss
102 http fetch GET 200 https://registry.npmjs.org/readable-stream 298ms (cache miss)
103 silly packumentCache full:https://registry.npmjs.org/readable-stream set size:undefined disposed:false
104 silly fetch manifest ecdsa-sig-formatter@^1.0.11
105 silly packumentCache full:https://registry.npmjs.org/ecdsa-sig-formatter cache-miss
106 http fetch GET 200 https://registry.npmjs.org/end-of-stream 310ms (cache miss)
107 silly packumentCache full:https://registry.npmjs.org/end-of-stream set size:undefined disposed:false
108 silly fetch manifest gaxios@^7.0.0
109 silly packumentCache full:https://registry.npmjs.org/gaxios cache-miss
110 http fetch GET 200 https://registry.npmjs.org/stream-shift 290ms (cache miss)
111 silly packumentCache full:https://registry.npmjs.org/stream-shift set size:undefined disposed:false
112 silly fetch manifest gcp-metadata@^8.0.0
113 silly packumentCache full:https://registry.npmjs.org/gcp-metadata cache-miss
114 http fetch GET 200 https://registry.npmjs.org/gcp-metadata 29ms (cache miss)
115 silly packumentCache full:https://registry.npmjs.org/gcp-metadata set size:undefined disposed:false
116 silly fetch manifest google-logging-utils@^1.0.0
117 silly packumentCache full:https://registry.npmjs.org/google-logging-utils cache-miss
118 http cache https://registry.npmjs.org/google-logging-utils 2ms (cache hit)
119 silly packumentCache full:https://registry.npmjs.org/google-logging-utils set size:21694 disposed:false
120 silly fetch manifest gtoken@^8.0.0
121 silly packumentCache full:https://registry.npmjs.org/gtoken cache-miss
122 http fetch GET 200 https://registry.npmjs.org/long 415ms (cache miss)
123 silly packumentCache full:https://registry.npmjs.org/long set size:undefined disposed:false
124 silly fetch manifest jws@^4.0.0
125 silly packumentCache full:https://registry.npmjs.org/jws cache-miss
126 http fetch GET 200 https://registry.npmjs.org/ecdsa-sig-formatter 284ms (cache miss)
127 silly packumentCache full:https://registry.npmjs.org/ecdsa-sig-formatter set size:undefined disposed:false
128 silly fetch manifest data-uri-to-buffer@^4.0.0
129 silly packumentCache full:https://registry.npmjs.org/data-uri-to-buffer cache-miss
130 http fetch GET 200 https://registry.npmjs.org/base64-js 296ms (cache miss)
131 silly packumentCache full:https://registry.npmjs.org/base64-js set size:undefined disposed:false
132 silly fetch manifest fetch-blob@^3.1.4
133 silly packumentCache full:https://registry.npmjs.org/fetch-blob cache-miss
134 http fetch GET 200 https://registry.npmjs.org/gaxios 298ms (cache miss)
135 silly packumentCache full:https://registry.npmjs.org/gaxios set size:undefined disposed:false
136 silly fetch manifest formdata-polyfill@^4.0.10
137 silly packumentCache full:https://registry.npmjs.org/formdata-polyfill cache-miss
138 http fetch GET 200 https://registry.npmjs.org/gtoken 326ms (cache miss)
139 silly packumentCache full:https://registry.npmjs.org/gtoken set size:undefined disposed:false
140 silly fetch manifest protobufjs@^7.4.0
141 silly packumentCache full:https://registry.npmjs.org/protobufjs cache-miss
142 http cache https://registry.npmjs.org/protobufjs 2ms (cache hit)
143 silly packumentCache full:https://registry.npmjs.org/protobufjs set size:635352 disposed:false
144 silly fetch manifest @protobufjs/path@^1.1.2
145 silly packumentCache full:https://registry.npmjs.org/@protobufjs%2fpath cache-miss
146 http fetch GET 200 https://registry.npmjs.org/jws 301ms (cache miss)
147 silly packumentCache full:https://registry.npmjs.org/jws set size:undefined disposed:false
148 silly fetch manifest @protobufjs/pool@^1.1.0
149 silly packumentCache full:https://registry.npmjs.org/@protobufjs%2fpool cache-miss
150 http fetch GET 200 https://registry.npmjs.org/@js-sdsl%2fordered-map 832ms (cache miss)
151 silly packumentCache full:https://registry.npmjs.org/@js-sdsl%2fordered-map set size:undefined disposed:false
152 silly fetch manifest @protobufjs/utf8@^1.1.0
153 silly packumentCache full:https://registry.npmjs.org/@protobufjs%2futf8 cache-miss
154 http fetch GET 200 https://registry.npmjs.org/inherits 845ms (cache miss)
155 silly packumentCache full:https://registry.npmjs.org/inherits set size:undefined disposed:false
156 silly fetch manifest @protobufjs/fetch@^1.1.0
157 silly packumentCache full:https://registry.npmjs.org/@protobufjs%2ffetch cache-miss
158 http fetch GET 200 https://registry.npmjs.org/data-uri-to-buffer 800ms (cache miss)
159 silly packumentCache full:https://registry.npmjs.org/data-uri-to-buffer set size:undefined disposed:false
160 silly fetch manifest @protobufjs/float@^1.0.2
161 silly packumentCache full:https://registry.npmjs.org/@protobufjs%2ffloat cache-miss
162 http fetch GET 200 https://registry.npmjs.org/fetch-blob 835ms (cache miss)
163 silly packumentCache full:https://registry.npmjs.org/fetch-blob set size:undefined disposed:false
164 silly fetch manifest @protobufjs/base64@^1.1.2
165 silly packumentCache full:https://registry.npmjs.org/@protobufjs%2fbase64 cache-miss
166 http fetch GET 200 https://registry.npmjs.org/formdata-polyfill 819ms (cache miss)
167 silly packumentCache full:https://registry.npmjs.org/formdata-polyfill set size:undefined disposed:false
168 silly fetch manifest @protobufjs/codegen@^2.0.4
169 silly packumentCache full:https://registry.npmjs.org/@protobufjs%2fcodegen cache-miss
170 http fetch GET 200 https://registry.npmjs.org/@protobufjs%2ffetch 754ms (cache miss)
171 silly packumentCache full:https://registry.npmjs.org/@protobufjs%2ffetch set size:undefined disposed:false
172 silly fetch manifest @protobufjs/inquire@^1.1.0
173 silly packumentCache full:https://registry.npmjs.org/@protobufjs%2finquire cache-miss
174 http fetch GET 200 https://registry.npmjs.org/@protobufjs%2fpool 1264ms (cache miss)
175 silly packumentCache full:https://registry.npmjs.org/@protobufjs%2fpool set size:undefined disposed:false
176 silly fetch manifest @protobufjs/aspromise@^1.1.2
177 silly packumentCache full:https://registry.npmjs.org/@protobufjs%2faspromise cache-miss
178 http fetch GET 200 https://registry.npmjs.org/@protobufjs%2fpath 1336ms (cache miss)
179 silly packumentCache full:https://registry.npmjs.org/@protobufjs%2fpath set size:undefined disposed:false
180 silly fetch manifest @protobufjs/eventemitter@^1.1.0
181 silly packumentCache full:https://registry.npmjs.org/@protobufjs%2feventemitter cache-miss
182 http fetch GET 200 https://registry.npmjs.org/@protobufjs%2fbase64 836ms (cache miss)
183 silly packumentCache full:https://registry.npmjs.org/@protobufjs%2fbase64 set size:undefined disposed:false
184 silly fetch manifest extend@^3.0.2
185 silly packumentCache full:https://registry.npmjs.org/extend cache-miss
186 http fetch GET 200 https://registry.npmjs.org/@protobufjs%2finquire 848ms (cache miss)
187 silly packumentCache full:https://registry.npmjs.org/@protobufjs%2finquire set size:undefined disposed:false
188 silly fetch manifest teeny-request@^10.0.0
189 silly packumentCache full:https://registry.npmjs.org/teeny-request cache-miss
190 http fetch GET 200 https://registry.npmjs.org/@protobufjs%2futf8 1693ms (cache miss)
191 silly packumentCache full:https://registry.npmjs.org/@protobufjs%2futf8 set size:undefined disposed:false
192 silly fetch manifest glob@^10.3.7
193 silly packumentCache full:https://registry.npmjs.org/glob cache-miss
194 http fetch GET 200 https://registry.npmjs.org/extend 293ms (cache miss)
195 silly packumentCache full:https://registry.npmjs.org/extend set size:undefined disposed:false
196 http fetch GET 200 https://registry.npmjs.org/teeny-request 330ms (cache miss)
197 silly packumentCache full:https://registry.npmjs.org/teeny-request set size:undefined disposed:false
198 http fetch GET 200 https://registry.npmjs.org/@protobufjs%2ffloat 1401ms (cache miss)
199 silly packumentCache full:https://registry.npmjs.org/@protobufjs%2ffloat set size:undefined disposed:false
200 http fetch GET 200 https://registry.npmjs.org/glob 319ms (cache miss)
201 silly packumentCache full:https://registry.npmjs.org/glob set size:undefined disposed:false
202 http fetch GET 200 https://registry.npmjs.org/@protobufjs%2feventemitter 835ms (cache miss)
203 silly packumentCache full:https://registry.npmjs.org/@protobufjs%2feventemitter set size:undefined disposed:false
204 http fetch GET 200 https://registry.npmjs.org/@protobufjs%2faspromise 1186ms (cache miss)
205 silly packumentCache full:https://registry.npmjs.org/@protobufjs%2faspromise set size:undefined disposed:false
206 http fetch GET 200 https://registry.npmjs.org/@protobufjs%2fcodegen 1793ms (cache miss)
207 silly packumentCache full:https://registry.npmjs.org/@protobufjs%2fcodegen set size:undefined disposed:false
208 silly placeDep ROOT @js-sdsl/ordered-map@4.4.2 OK for: @grpc/grpc-js@1.14.3 want: ^4.4.2
209 silly placeDep ROOT lodash.camelcase@4.3.0 OK for: @grpc/proto-loader@0.8.0 want: ^4.3.0
210 silly placeDep ROOT long@5.3.2 OK for: @grpc/proto-loader@0.8.0 want: ^5.0.0
211 silly placeDep ROOT yargs@17.7.2 OK for: @grpc/proto-loader@0.8.0 want: ^17.7.2
212 silly fetch manifest y18n@^5.0.5
213 silly packumentCache full:https://registry.npmjs.org/y18n cache-miss
214 silly fetch manifest cliui@^8.0.1
215 silly packumentCache full:https://registry.npmjs.org/cliui cache-miss
216 silly fetch manifest string-width@^4.2.3
217 silly packumentCache full:https://registry.npmjs.org/string-width cache-miss
218 silly fetch manifest yargs-parser@^21.1.1
219 silly packumentCache full:https://registry.npmjs.org/yargs-parser cache-miss
220 silly fetch manifest get-caller-file@^2.0.5
221 silly packumentCache full:https://registry.npmjs.org/get-caller-file cache-miss
222 silly fetch manifest require-directory@^2.1.1
223 silly packumentCache full:https://registry.npmjs.org/require-directory cache-miss
224 http fetch GET 200 https://registry.npmjs.org/yargs-parser 36ms (cache miss)
225 silly packumentCache full:https://registry.npmjs.org/yargs-parser set size:undefined disposed:false
226 http fetch GET 200 https://registry.npmjs.org/require-directory 37ms (cache miss)
227 silly packumentCache full:https://registry.npmjs.org/require-directory set size:undefined disposed:false
228 http fetch GET 200 https://registry.npmjs.org/y18n 40ms (cache miss)
229 silly packumentCache full:https://registry.npmjs.org/y18n set size:undefined disposed:false
230 http fetch GET 200 https://registry.npmjs.org/cliui 302ms (cache miss)
231 silly packumentCache full:https://registry.npmjs.org/cliui set size:undefined disposed:false
232 http fetch GET 200 https://registry.npmjs.org/string-width 319ms (cache miss)
233 silly packumentCache full:https://registry.npmjs.org/string-width set size:undefined disposed:false
234 http fetch GET 200 https://registry.npmjs.org/get-caller-file 821ms (cache miss)
235 silly packumentCache full:https://registry.npmjs.org/get-caller-file set size:undefined disposed:false
236 silly placeDep ROOT end-of-stream@1.4.5 OK for: duplexify@4.1.3 want: ^1.4.1
237 silly placeDep ROOT inherits@2.0.4 OK for: duplexify@4.1.3 want: ^2.0.3
238 silly placeDep ROOT readable-stream@3.6.2 OK for: duplexify@4.1.3 want: ^3.1.1
239 silly placeDep ROOT stream-shift@1.0.3 OK for: duplexify@4.1.3 want: ^1.0.2
240 silly fetch manifest once@^1.4.0
241 silly packumentCache full:https://registry.npmjs.org/once cache-miss
242 silly fetch manifest string_decoder@^1.1.1
243 silly packumentCache full:https://registry.npmjs.org/string_decoder cache-miss
244 silly fetch manifest util-deprecate@^1.0.1
245 silly packumentCache full:https://registry.npmjs.org/util-deprecate cache-miss
246 http fetch GET 200 https://registry.npmjs.org/string_decoder 283ms (cache miss)
247 silly packumentCache full:https://registry.npmjs.org/string_decoder set size:undefined disposed:false
248 http fetch GET 200 https://registry.npmjs.org/util-deprecate 305ms (cache miss)
249 silly packumentCache full:https://registry.npmjs.org/util-deprecate set size:undefined disposed:false
250 http fetch GET 200 https://registry.npmjs.org/once 844ms (cache miss)
251 silly packumentCache full:https://registry.npmjs.org/once set size:undefined disposed:false
252 silly placeDep ROOT once@1.4.0 OK for: end-of-stream@1.4.5 want: ^1.4.0
253 silly fetch manifest wrappy@1
254 silly packumentCache full:https://registry.npmjs.org/wrappy cache-miss
255 http fetch GET 200 https://registry.npmjs.org/wrappy 32ms (cache miss)
256 silly packumentCache full:https://registry.npmjs.org/wrappy set size:undefined disposed:false
257 silly placeDep ROOT base64-js@1.5.1 OK for: google-auth-library@10.5.0 want: ^1.3.0
258 silly placeDep ROOT ecdsa-sig-formatter@1.0.11 OK for: google-auth-library@10.5.0 want: ^1.0.11
259 silly placeDep ROOT gaxios@7.1.3 OK for: google-auth-library@10.5.0 want: ^7.0.0
260 silly placeDep ROOT gcp-metadata@8.1.2 OK for: google-auth-library@10.5.0 want: ^8.0.0
261 silly placeDep ROOT gtoken@8.0.0 OK for: google-auth-library@10.5.0 want: ^8.0.0
262 silly placeDep ROOT jws@4.0.1 OK for: google-auth-library@10.5.0 want: ^4.0.0
263 silly fetch manifest safe-buffer@^5.0.1
264 silly packumentCache full:https://registry.npmjs.org/safe-buffer cache-miss
265 silly fetch manifest https-proxy-agent@^7.0.1
266 silly packumentCache full:https://registry.npmjs.org/https-proxy-agent cache-miss
267 silly fetch manifest json-bigint@^1.0.0
268 silly packumentCache full:https://registry.npmjs.org/json-bigint cache-miss
269 silly fetch manifest jwa@^2.0.1
270 silly packumentCache full:https://registry.npmjs.org/jwa cache-miss
271 silly fetch manifest safe-buffer@^5.0.1
272 silly packumentCache full:https://registry.npmjs.org/safe-buffer cache-miss
273 http fetch GET 200 https://registry.npmjs.org/https-proxy-agent 33ms (cache miss)
274 silly packumentCache full:https://registry.npmjs.org/https-proxy-agent set size:undefined disposed:false
275 http fetch GET 200 https://registry.npmjs.org/jwa 301ms (cache miss)
276 silly packumentCache full:https://registry.npmjs.org/jwa set size:undefined disposed:false
277 http fetch GET 200 https://registry.npmjs.org/safe-buffer 302ms (cache miss)
278 silly packumentCache full:https://registry.npmjs.org/safe-buffer set size:undefined disposed:false
279 http fetch GET 200 https://registry.npmjs.org/safe-buffer 842ms (cache miss)
280 silly packumentCache full:https://registry.npmjs.org/safe-buffer set size:undefined disposed:false
281 http fetch GET 200 https://registry.npmjs.org/json-bigint 971ms (cache miss)
282 silly packumentCache full:https://registry.npmjs.org/json-bigint set size:undefined disposed:false
283 silly placeDep ROOT safe-buffer@5.2.1 OK for: ecdsa-sig-formatter@1.0.11 want: ^5.0.1
284 silly placeDep ROOT extend@3.0.2 OK for: gaxios@7.1.3 want: ^3.0.2
285 silly placeDep ROOT https-proxy-agent@7.0.6 OK for: gaxios@7.1.3 want: ^7.0.1
286 silly fetch manifest agent-base@^7.1.2
287 silly packumentCache full:https://registry.npmjs.org/agent-base cache-miss
288 http fetch GET 200 https://registry.npmjs.org/agent-base 304ms (cache miss)
289 silly packumentCache full:https://registry.npmjs.org/agent-base set size:undefined disposed:false
290 silly placeDep ROOT json-bigint@1.0.0 OK for: gcp-metadata@8.1.2 want: ^1.0.0
291 silly fetch manifest bignumber.js@^9.0.0
292 silly packumentCache full:https://registry.npmjs.org/bignumber.js cache-miss
293 http fetch GET 200 https://registry.npmjs.org/bignumber.js 291ms (cache miss)
294 silly packumentCache full:https://registry.npmjs.org/bignumber.js set size:undefined disposed:false
295 silly placeDep ROOT agent-base@7.1.4 OK for: https-proxy-agent@7.0.6 want: ^7.1.2
296 silly placeDep ROOT bignumber.js@9.3.1 OK for: json-bigint@1.0.0 want: ^9.0.0
297 silly placeDep ROOT jwa@2.0.1 OK for: jws@4.0.1 want: ^2.0.1
298 silly fetch manifest buffer-equal-constant-time@^1.0.1
299 silly packumentCache full:https://registry.npmjs.org/buffer-equal-constant-time cache-miss
300 http fetch GET 200 https://registry.npmjs.org/buffer-equal-constant-time 851ms (cache miss)
301 silly packumentCache full:https://registry.npmjs.org/buffer-equal-constant-time set size:undefined disposed:false
302 silly placeDep ROOT buffer-equal-constant-time@1.0.1 OK for: jwa@2.0.1 want: ^1.0.1
303 silly placeDep ROOT data-uri-to-buffer@4.0.1 OK for: node-fetch@3.3.2 want: ^4.0.0
304 silly placeDep ROOT fetch-blob@3.2.0 OK for: node-fetch@3.3.2 want: ^3.1.4
305 silly placeDep ROOT formdata-polyfill@4.0.10 OK for: node-fetch@3.3.2 want: ^4.0.10
306 silly fetch manifest node-domexception@^1.0.0
307 silly packumentCache full:https://registry.npmjs.org/node-domexception cache-miss
308 silly fetch manifest web-streams-polyfill@^3.0.3
309 silly packumentCache full:https://registry.npmjs.org/web-streams-polyfill cache-miss
310 http fetch GET 200 https://registry.npmjs.org/node-domexception 305ms (cache miss)
311 silly packumentCache full:https://registry.npmjs.org/node-domexception set size:undefined disposed:false
312 http fetch GET 200 https://registry.npmjs.org/web-streams-polyfill 778ms (cache miss)
313 silly packumentCache full:https://registry.npmjs.org/web-streams-polyfill set size:undefined disposed:false
314 silly placeDep ROOT node-domexception@1.0.0 OK for: fetch-blob@3.2.0 want: ^1.0.0
315 silly placeDep ROOT web-streams-polyfill@3.3.3 OK for: fetch-blob@3.2.0 want: ^3.0.3
316 silly placeDep ROOT wrappy@1.0.2 OK for: once@1.4.0 want: 1
317 silly placeDep ROOT @protobufjs/aspromise@1.1.2 OK for: protobufjs@7.5.4 want: ^1.1.2
318 silly placeDep ROOT @protobufjs/base64@1.1.2 OK for: protobufjs@7.5.4 want: ^1.1.2
319 silly placeDep ROOT @protobufjs/codegen@2.0.4 OK for: protobufjs@7.5.4 want: ^2.0.4
320 silly placeDep ROOT @protobufjs/eventemitter@1.1.0 OK for: protobufjs@7.5.4 want: ^1.1.0
321 silly placeDep ROOT @protobufjs/fetch@1.1.0 OK for: protobufjs@7.5.4 want: ^1.1.0
322 silly placeDep ROOT @protobufjs/float@1.0.2 OK for: protobufjs@7.5.4 want: ^1.0.2
323 silly placeDep ROOT @protobufjs/inquire@1.1.0 OK for: protobufjs@7.5.4 want: ^1.1.0
324 silly placeDep ROOT @protobufjs/path@1.1.2 OK for: protobufjs@7.5.4 want: ^1.1.2
325 silly placeDep ROOT @protobufjs/pool@1.1.0 OK for: protobufjs@7.5.4 want: ^1.1.0
326 silly placeDep ROOT @protobufjs/utf8@1.1.0 OK for: protobufjs@7.5.4 want: ^1.1.0
327 silly placeDep ROOT string_decoder@1.3.0 OK for: readable-stream@3.6.2 want: ^1.1.1
328 silly placeDep ROOT util-deprecate@1.0.2 OK for: readable-stream@3.6.2 want: ^1.0.1
329 silly placeDep ROOT teeny-request@10.1.0 OK for: retry-request@8.0.2 want: ^10.0.0
330 silly fetch manifest http-proxy-agent@^5.0.0
331 silly packumentCache full:https://registry.npmjs.org/http-proxy-agent cache-miss
332 silly fetch manifest https-proxy-agent@^5.0.0
333 silly packumentCache full:https://registry.npmjs.org/https-proxy-agent cache-miss
334 silly fetch manifest stream-events@^1.0.5
335 silly packumentCache full:https://registry.npmjs.org/stream-events cache-miss
336 http cache https://registry.npmjs.org/https-proxy-agent 2ms (cache hit)
337 silly packumentCache full:https://registry.npmjs.org/https-proxy-agent set size:76241 disposed:false
338 http fetch GET 200 https://registry.npmjs.org/stream-events 322ms (cache miss)
339 silly packumentCache full:https://registry.npmjs.org/stream-events set size:undefined disposed:false
340 http fetch GET 200 https://registry.npmjs.org/http-proxy-agent 776ms (cache miss)
341 silly packumentCache full:https://registry.npmjs.org/http-proxy-agent set size:undefined disposed:false
342 silly placeDep ROOT glob@10.5.0 OK for: rimraf@5.0.10 want: ^10.3.7
343 silly fetch manifest minipass@^7.1.2
344 silly packumentCache full:https://registry.npmjs.org/minipass cache-miss
345 silly fetch manifest jackspeak@^3.1.2
346 silly packumentCache full:https://registry.npmjs.org/jackspeak cache-miss
347 silly fetch manifest minimatch@^9.0.4
348 silly packumentCache full:https://registry.npmjs.org/minimatch cache-miss
349 silly fetch manifest path-scurry@^1.11.1
350 silly packumentCache full:https://registry.npmjs.org/path-scurry cache-miss
351 silly fetch manifest foreground-child@^3.1.0
352 silly packumentCache full:https://registry.npmjs.org/foreground-child cache-miss
353 silly fetch manifest package-json-from-dist@^1.0.0
354 silly packumentCache full:https://registry.npmjs.org/package-json-from-dist cache-miss
355 http fetch GET 200 https://registry.npmjs.org/foreground-child 31ms (cache miss)
356 silly packumentCache full:https://registry.npmjs.org/foreground-child set size:undefined disposed:false
357 http fetch GET 200 https://registry.npmjs.org/jackspeak 33ms (cache miss)
358 silly packumentCache full:https://registry.npmjs.org/jackspeak set size:undefined disposed:false
359 http fetch GET 200 https://registry.npmjs.org/minimatch 37ms (cache revalidated)
360 silly packumentCache full:https://registry.npmjs.org/minimatch set size:303959 disposed:false
361 http fetch GET 200 https://registry.npmjs.org/minipass 43ms (cache miss)
362 silly packumentCache full:https://registry.npmjs.org/minipass set size:undefined disposed:false
363 http fetch GET 200 https://registry.npmjs.org/package-json-from-dist 289ms (cache miss)
364 silly packumentCache full:https://registry.npmjs.org/package-json-from-dist set size:undefined disposed:false
365 http fetch GET 200 https://registry.npmjs.org/path-scurry 778ms (cache miss)
366 silly packumentCache full:https://registry.npmjs.org/path-scurry set size:undefined disposed:false
367 silly placeDep ROOT foreground-child@3.3.1 OK for: glob@10.5.0 want: ^3.1.0
368 silly placeDep ROOT jackspeak@3.4.3 OK for: glob@10.5.0 want: ^3.1.2
369 silly placeDep node_modules/glob minimatch@9.0.5 OK for: glob@10.5.0 want: ^9.0.4
370 silly placeDep ROOT minipass@7.1.2 OK for: glob@10.5.0 want: ^7.1.2
371 silly placeDep ROOT package-json-from-dist@1.0.1 OK for: glob@10.5.0 want: ^1.0.0
372 silly placeDep ROOT path-scurry@1.11.1 OK for: glob@10.5.0 want: ^1.11.1
373 silly fetch manifest signal-exit@^4.0.1
374 silly packumentCache full:https://registry.npmjs.org/signal-exit cache-miss
375 silly fetch manifest @isaacs/cliui@^8.0.2
376 silly packumentCache full:https://registry.npmjs.org/@isaacs%2fcliui cache-miss
377 silly fetch manifest @pkgjs/parseargs@^0.11.0
378 silly packumentCache full:https://registry.npmjs.org/@pkgjs%2fparseargs cache-miss
379 silly fetch manifest brace-expansion@^2.0.1
380 silly packumentCache full:https://registry.npmjs.org/brace-expansion cache-miss
381 silly fetch manifest lru-cache@^10.2.0
382 silly packumentCache full:https://registry.npmjs.org/lru-cache cache-miss
383 http fetch GET 200 https://registry.npmjs.org/lru-cache 35ms (cache revalidated)
384 silly packumentCache full:https://registry.npmjs.org/lru-cache set size:406394 disposed:false
385 http fetch GET 200 https://registry.npmjs.org/brace-expansion 322ms (cache revalidated)
386 silly packumentCache full:https://registry.npmjs.org/brace-expansion set size:46250 disposed:false
387 http fetch GET 200 https://registry.npmjs.org/signal-exit 787ms (cache miss)
388 silly packumentCache full:https://registry.npmjs.org/signal-exit set size:undefined disposed:false
389 http fetch GET 200 https://registry.npmjs.org/@pkgjs%2fparseargs 895ms (cache miss)
390 silly packumentCache full:https://registry.npmjs.org/@pkgjs%2fparseargs set size:undefined disposed:false
391 http fetch GET 200 https://registry.npmjs.org/@isaacs%2fcliui 1364ms (cache miss)
392 silly packumentCache full:https://registry.npmjs.org/@isaacs%2fcliui set size:undefined disposed:false
393 silly placeDep ROOT signal-exit@4.1.0 OK for: foreground-child@3.3.1 want: ^4.0.1
394 silly placeDep ROOT @isaacs/cliui@8.0.2 OK for: jackspeak@3.4.3 want: ^8.0.2
395 silly placeDep ROOT @pkgjs/parseargs@0.11.0 OK for: jackspeak@3.4.3 want: ^0.11.0
396 silly fetch manifest string-width@^5.1.2
397 silly packumentCache full:https://registry.npmjs.org/string-width cache-miss
398 silly fetch manifest string-width-cjs@npm:string-width@^4.2.0
399 silly packumentCache full:https://registry.npmjs.org/string-width cache-miss
400 silly fetch manifest strip-ansi@^7.0.1
401 silly packumentCache full:https://registry.npmjs.org/strip-ansi cache-miss
402 silly fetch manifest strip-ansi-cjs@npm:strip-ansi@^6.0.1
403 silly packumentCache full:https://registry.npmjs.org/strip-ansi cache-miss
404 silly fetch manifest wrap-ansi@^8.1.0
405 silly packumentCache full:https://registry.npmjs.org/wrap-ansi cache-miss
406 silly fetch manifest wrap-ansi-cjs@npm:wrap-ansi@^7.0.0
407 silly packumentCache full:https://registry.npmjs.org/wrap-ansi cache-miss
408 http cache https://registry.npmjs.org/string-width 3ms (cache hit)
409 silly packumentCache full:https://registry.npmjs.org/string-width set size:64158 disposed:false
410 http cache https://registry.npmjs.org/string-width 3ms (cache hit)
411 silly packumentCache full:https://registry.npmjs.org/string-width set size:64158 disposed:false
412 silly packumentCache full:https://registry.npmjs.org/string-width dispose
413 http fetch GET 200 https://registry.npmjs.org/wrap-ansi 321ms (cache miss)
414 silly packumentCache full:https://registry.npmjs.org/wrap-ansi set size:undefined disposed:false
415 http fetch GET 200 https://registry.npmjs.org/wrap-ansi 322ms (cache miss)
416 silly packumentCache full:https://registry.npmjs.org/wrap-ansi set size:undefined disposed:false
417 http fetch GET 200 https://registry.npmjs.org/strip-ansi 322ms (cache miss)
418 silly packumentCache full:https://registry.npmjs.org/strip-ansi set size:undefined disposed:false
419 http fetch GET 200 https://registry.npmjs.org/strip-ansi 323ms (cache miss)
420 silly packumentCache full:https://registry.npmjs.org/strip-ansi set size:undefined disposed:false
421 silly placeDep ROOT string-width@5.1.2 OK for: @isaacs/cliui@8.0.2 want: ^5.1.2
422 silly placeDep ROOT string-width-cjs@4.2.3 OK for: @isaacs/cliui@8.0.2 want: npm:string-width@^4.2.0
423 silly placeDep ROOT strip-ansi@7.1.2 OK for: @isaacs/cliui@8.0.2 want: ^7.0.1
424 silly placeDep ROOT strip-ansi-cjs@6.0.1 OK for: @isaacs/cliui@8.0.2 want: npm:strip-ansi@^6.0.1
425 silly placeDep ROOT wrap-ansi@8.1.0 OK for: @isaacs/cliui@8.0.2 want: ^8.1.0
426 silly placeDep ROOT wrap-ansi-cjs@7.0.0 OK for: @isaacs/cliui@8.0.2 want: npm:wrap-ansi@^7.0.0
427 silly fetch manifest eastasianwidth@^0.2.0
428 silly packumentCache full:https://registry.npmjs.org/eastasianwidth cache-miss
429 silly fetch manifest strip-ansi@^6.0.1
430 silly packumentCache full:https://registry.npmjs.org/strip-ansi cache-miss
431 silly fetch manifest emoji-regex@^8.0.0
432 silly packumentCache full:https://registry.npmjs.org/emoji-regex cache-miss
433 silly fetch manifest is-fullwidth-code-point@^3.0.0
434 silly packumentCache full:https://registry.npmjs.org/is-fullwidth-code-point cache-miss
435 silly fetch manifest ansi-regex@^6.0.1
436 silly packumentCache full:https://registry.npmjs.org/ansi-regex cache-miss
437 silly fetch manifest ansi-regex@^5.0.1
438 silly packumentCache full:https://registry.npmjs.org/ansi-regex cache-miss
439 silly fetch manifest ansi-styles@^6.1.0
440 silly packumentCache full:https://registry.npmjs.org/ansi-styles cache-miss
441 http cache https://registry.npmjs.org/strip-ansi 12ms (cache hit)
442 silly packumentCache full:https://registry.npmjs.org/strip-ansi set size:41855 disposed:false
443 silly fetch manifest strip-ansi@^6.0.0
444 silly packumentCache full:https://registry.npmjs.org/strip-ansi cache-hit
445 silly fetch manifest string-width@^4.1.0
446 silly packumentCache full:https://registry.npmjs.org/string-width cache-hit
447 http fetch GET 200 https://registry.npmjs.org/ansi-regex 37ms (cache miss)
448 silly packumentCache full:https://registry.npmjs.org/ansi-regex set size:undefined disposed:false
449 http fetch GET 200 https://registry.npmjs.org/ansi-styles 38ms (cache revalidated)
450 silly packumentCache full:https://registry.npmjs.org/ansi-styles set size:63233 disposed:false
451 http fetch GET 200 https://registry.npmjs.org/ansi-regex 54ms (cache miss)
452 silly packumentCache full:https://registry.npmjs.org/ansi-regex set size:undefined disposed:false
453 http fetch GET 200 https://registry.npmjs.org/eastasianwidth 295ms (cache miss)
454 silly packumentCache full:https://registry.npmjs.org/eastasianwidth set size:undefined disposed:false
455 http fetch GET 200 https://registry.npmjs.org/emoji-regex 301ms (cache revalidated)
456 silly packumentCache full:https://registry.npmjs.org/emoji-regex set size:89088 disposed:false
457 http fetch GET 200 https://registry.npmjs.org/is-fullwidth-code-point 312ms (cache miss)
458 silly packumentCache full:https://registry.npmjs.org/is-fullwidth-code-point set size:undefined disposed:false
459 silly placeDep node_modules/path-scurry lru-cache@10.4.3 OK for: path-scurry@1.11.1 want: ^10.2.0
460 silly placeDep ROOT eastasianwidth@0.2.0 OK for: string-width@5.1.2 want: ^0.2.0
461 silly placeDep node_modules/string-width-cjs emoji-regex@8.0.0 OK for: string-width@4.2.3 want: ^8.0.0
462 silly placeDep ROOT is-fullwidth-code-point@3.0.0 OK for: string-width@4.2.3 want: ^3.0.0
463 silly placeDep node_modules/string-width-cjs strip-ansi@6.0.1 OK for: string-width@4.2.3 want: ^6.0.1
464 silly placeDep ROOT ansi-regex@6.2.2 OK for: strip-ansi@7.1.2 want: ^6.0.1
465 silly placeDep node_modules/strip-ansi-cjs ansi-regex@5.0.1 OK for: strip-ansi@6.0.1 want: ^5.0.1
466 silly placeDep ROOT http-proxy-agent@5.0.0 OK for: teeny-request@10.1.0 want: ^5.0.0
467 silly placeDep node_modules/teeny-request https-proxy-agent@5.0.1 OK for: teeny-request@10.1.0 want: ^5.0.0
468 silly placeDep ROOT stream-events@1.0.5 OK for: teeny-request@10.1.0 want: ^1.0.5
469 silly fetch manifest @tootallnate/once@2
470 silly packumentCache full:https://registry.npmjs.org/@tootallnate%2fonce cache-miss
471 silly fetch manifest agent-base@6
472 silly packumentCache full:https://registry.npmjs.org/agent-base cache-miss
473 silly fetch manifest agent-base@6
474 silly packumentCache full:https://registry.npmjs.org/agent-base cache-miss
475 silly fetch manifest stubs@^3.0.0
476 silly packumentCache full:https://registry.npmjs.org/stubs cache-miss
477 http cache https://registry.npmjs.org/agent-base 2ms (cache hit)
478 silly packumentCache full:https://registry.npmjs.org/agent-base set size:67460 disposed:false
479 http cache https://registry.npmjs.org/agent-base 2ms (cache hit)
480 silly packumentCache full:https://registry.npmjs.org/agent-base set size:67460 disposed:false
481 silly packumentCache full:https://registry.npmjs.org/agent-base dispose
482 http fetch GET 200 https://registry.npmjs.org/stubs 301ms (cache miss)
483 silly packumentCache full:https://registry.npmjs.org/stubs set size:undefined disposed:false
484 http fetch GET 200 https://registry.npmjs.org/@tootallnate%2fonce 1185ms (cache miss)
485 silly packumentCache full:https://registry.npmjs.org/@tootallnate%2fonce set size:undefined disposed:false
486 silly placeDep ROOT @tootallnate/once@2.0.0 OK for: http-proxy-agent@5.0.0 want: 2
487 silly placeDep node_modules/http-proxy-agent agent-base@6.0.2 OK for: http-proxy-agent@5.0.0 want: 6
488 silly placeDep ROOT stubs@3.0.0 OK for: stream-events@1.0.5 want: ^3.0.0
489 silly placeDep node_modules/wrap-ansi ansi-styles@6.2.3 OK for: wrap-ansi@8.1.0 want: ^6.1.0
490 silly placeDep node_modules/wrap-ansi-cjs string-width@4.2.3 OK for: wrap-ansi@7.0.0 want: ^4.1.0
491 silly placeDep node_modules/wrap-ansi-cjs strip-ansi@6.0.1 OK for: wrap-ansi@7.0.0 want: ^6.0.0
492 silly placeDep ROOT cliui@8.0.1 OK for: yargs@17.7.2 want: ^8.0.1
493 silly placeDep ROOT get-caller-file@2.0.5 OK for: yargs@17.7.2 want: ^2.0.5
494 silly placeDep ROOT require-directory@2.1.1 OK for: yargs@17.7.2 want: ^2.1.1
495 silly placeDep node_modules/yargs string-width@4.2.3 OK for: yargs@17.7.2 want: ^4.2.3
496 silly placeDep ROOT y18n@5.0.8 OK for: yargs@17.7.2 want: ^5.0.5
497 silly placeDep ROOT yargs-parser@21.1.1 OK for: yargs@17.7.2 want: ^21.1.1
498 silly fetch manifest wrap-ansi@^7.0.0
499 silly packumentCache full:https://registry.npmjs.org/wrap-ansi cache-miss
500 silly fetch manifest string-width@^4.2.0
501 silly packumentCache full:https://registry.npmjs.org/string-width cache-hit
502 http cache https://registry.npmjs.org/wrap-ansi 2ms (cache hit)
503 silly packumentCache full:https://registry.npmjs.org/wrap-ansi set size:51195 disposed:false
504 silly placeDep node_modules/cliui string-width@4.2.3 OK for: cliui@8.0.1 want: ^4.2.0
505 silly placeDep node_modules/cliui strip-ansi@6.0.1 OK for: cliui@8.0.1 want: ^6.0.1
506 silly placeDep node_modules/cliui wrap-ansi@7.0.0 OK for: cliui@8.0.1 want: ^7.0.0
507 silly placeDep node_modules/cliui emoji-regex@8.0.0 OK for: string-width@4.2.3 want: ^8.0.0
508 silly placeDep node_modules/cliui ansi-regex@5.0.1 OK for: strip-ansi@6.0.1 want: ^5.0.1
509 silly placeDep node_modules/glob brace-expansion@2.0.2 OK for: minimatch@9.0.5 want: ^2.0.1
510 silly placeDep node_modules/string-width-cjs ansi-regex@5.0.1 OK for: strip-ansi@6.0.1 want: ^5.0.1
511 silly placeDep node_modules/teeny-request agent-base@6.0.2 OK for: https-proxy-agent@5.0.1 want: 6
512 silly placeDep node_modules/wrap-ansi-cjs emoji-regex@8.0.0 OK for: string-width@4.2.3 want: ^8.0.0
513 silly placeDep node_modules/wrap-ansi-cjs ansi-regex@5.0.1 OK for: strip-ansi@6.0.1 want: ^5.0.1
514 silly placeDep node_modules/yargs emoji-regex@8.0.0 OK for: string-width@4.2.3 want: ^8.0.0
515 silly placeDep node_modules/yargs strip-ansi@6.0.1 OK for: string-width@4.2.3 want: ^6.0.1
516 silly placeDep node_modules/yargs ansi-regex@5.0.1 OK for: strip-ansi@6.0.1 want: ^5.0.1
517 silly reify moves {}
518 silly audit bulk request {
518 silly audit   '@ai-sdk/google': [ '0.0.55' ],
518 silly audit   '@ai-sdk/provider': [ '0.0.26' ],
518 silly audit   '@ai-sdk/provider-utils': [ '1.0.22' ],
518 silly audit   '@ai-sdk/react': [ '0.0.70' ],
518 silly audit   '@ai-sdk/solid': [ '0.0.54' ],
518 silly audit   '@ai-sdk/svelte': [ '0.0.57' ],
518 silly audit   '@ai-sdk/ui-utils': [ '0.0.50' ],
518 silly audit   '@ai-sdk/vue': [ '0.0.59' ],
518 silly audit   '@alloc/quick-lru': [ '5.2.0' ],
518 silly audit   '@babel/code-frame': [ '7.27.1' ],
518 silly audit   '@babel/compat-data': [ '7.28.5' ],
518 silly audit   '@babel/core': [ '7.28.5' ],
518 silly audit   '@babel/generator': [ '7.28.5' ],
518 silly audit   '@babel/helper-compilation-targets': [ '7.27.2' ],
518 silly audit   '@babel/helper-globals': [ '7.28.0' ],
518 silly audit   '@babel/helper-module-imports': [ '7.27.1' ],
518 silly audit   '@babel/helper-module-transforms': [ '7.28.3' ],
518 silly audit   '@babel/helper-string-parser': [ '7.27.1' ],
518 silly audit   '@babel/helper-validator-identifier': [ '7.28.5' ],
518 silly audit   '@babel/helper-validator-option': [ '7.27.1' ],
518 silly audit   '@babel/helpers': [ '7.28.4' ],
518 silly audit   '@babel/parser': [ '7.28.5' ],
518 silly audit   '@babel/template': [ '7.27.2' ],
518 silly audit   '@babel/traverse': [ '7.28.5' ],
518 silly audit   '@babel/types': [ '7.28.5' ],
518 silly audit   '@emnapi/core': [ '1.7.1' ],
518 silly audit   '@emnapi/runtime': [ '1.7.1' ],
518 silly audit   '@emnapi/wasi-threads': [ '1.1.0' ],
518 silly audit   '@eslint-community/eslint-utils': [ '4.9.0' ],
518 silly audit   'eslint-visitor-keys': [ '3.4.3', '4.2.1' ],
518 silly audit   '@eslint-community/regexpp': [ '4.12.2' ],
518 silly audit   '@eslint/config-array': [ '0.21.1' ],
518 silly audit   '@eslint/config-helpers': [ '0.4.2' ],
518 silly audit   '@eslint/core': [ '0.17.0' ],
518 silly audit   '@eslint/eslintrc': [ '3.3.3' ],
518 silly audit   '@eslint/js': [ '9.39.2' ],
518 silly audit   '@eslint/object-schema': [ '2.1.7' ],
518 silly audit   '@eslint/plugin-kit': [ '0.4.1' ],
518 silly audit   '@humanfs/core': [ '0.19.1' ],
518 silly audit   '@humanfs/node': [ '0.16.7' ],
518 silly audit   '@humanwhocodes/module-importer': [ '1.0.1' ],
518 silly audit   '@humanwhocodes/retry': [ '0.4.3' ],
518 silly audit   '@img/colour': [ '1.0.0' ],
518 silly audit   '@img/sharp-darwin-arm64': [ '0.34.5' ],
518 silly audit   '@img/sharp-darwin-x64': [ '0.34.5' ],
518 silly audit   '@img/sharp-libvips-darwin-arm64': [ '1.2.4' ],
518 silly audit   '@img/sharp-libvips-darwin-x64': [ '1.2.4' ],
518 silly audit   '@img/sharp-libvips-linux-arm': [ '1.2.4' ],
518 silly audit   '@img/sharp-libvips-linux-arm64': [ '1.2.4' ],
518 silly audit   '@img/sharp-libvips-linux-ppc64': [ '1.2.4' ],
518 silly audit   '@img/sharp-libvips-linux-riscv64': [ '1.2.4' ],
518 silly audit   '@img/sharp-libvips-linux-s390x': [ '1.2.4' ],
518 silly audit   '@img/sharp-libvips-linux-x64': [ '1.2.4' ],
518 silly audit   '@img/sharp-libvips-linuxmusl-arm64': [ '1.2.4' ],
518 silly audit   '@img/sharp-libvips-linuxmusl-x64': [ '1.2.4' ],
518 silly audit   '@img/sharp-linux-arm': [ '0.34.5' ],
518 silly audit   '@img/sharp-linux-arm64': [ '0.34.5' ],
518 silly audit   '@img/sharp-linux-ppc64': [ '0.34.5' ],
518 silly audit   '@img/sharp-linux-riscv64': [ '0.34.5' ],
518 silly audit   '@img/sharp-linux-s390x': [ '0.34.5' ],
518 silly audit   '@img/sharp-linux-x64': [ '0.34.5' ],
518 silly audit   '@img/sharp-linuxmusl-arm64': [ '0.34.5' ],
518 silly audit   '@img/sharp-linuxmusl-x64': [ '0.34.5' ],
518 silly audit   '@img/sharp-wasm32': [ '0.34.5' ],
518 silly audit   '@img/sharp-win32-arm64': [ '0.34.5' ],
518 silly audit   '@img/sharp-win32-ia32': [ '0.34.5' ],
518 silly audit   '@img/sharp-win32-x64': [ '0.34.5' ],
518 silly audit   '@jridgewell/gen-mapping': [ '0.3.13' ],
518 silly audit   '@jridgewell/remapping': [ '2.3.5' ],
518 silly audit   '@jridgewell/resolve-uri': [ '3.1.2' ],
518 silly audit   '@jridgewell/sourcemap-codec': [ '1.5.5' ],
518 silly audit   '@jridgewell/trace-mapping': [ '0.3.31' ],
518 silly audit   '@napi-rs/wasm-runtime': [ '0.2.12' ],
518 silly audit   '@next/env': [ '16.1.0' ],
518 silly audit   '@next/eslint-plugin-next': [ '16.1.0' ],
518 silly audit   '@next/swc-darwin-arm64': [ '16.1.0' ],
518 silly audit   '@next/swc-darwin-x64': [ '16.1.0' ],
518 silly audit   '@next/swc-linux-arm64-gnu': [ '16.1.0' ],
518 silly audit   '@next/swc-linux-arm64-musl': [ '16.1.0' ],
518 silly audit   '@next/swc-linux-x64-gnu': [ '16.1.0' ],
518 silly audit   '@next/swc-linux-x64-musl': [ '16.1.0' ],
518 silly audit   '@next/swc-win32-arm64-msvc': [ '16.1.0' ],
518 silly audit   '@next/swc-win32-x64-msvc': [ '16.1.0' ],
518 silly audit   '@nodelib/fs.scandir': [ '2.1.5' ],
518 silly audit   '@nodelib/fs.stat': [ '2.0.5' ],
518 silly audit   '@nodelib/fs.walk': [ '1.2.8' ],
518 silly audit   '@nolyfill/is-core-module': [ '1.0.39' ],
518 silly audit   '@opentelemetry/api': [ '1.9.0' ],
518 silly audit   '@rtsao/scc': [ '1.1.0' ],
518 silly audit   '@sveltejs/acorn-typescript': [ '1.0.8' ],
518 silly audit   '@swc/helpers': [ '0.5.15' ],
518 silly audit   '@tailwindcss/node': [ '4.1.18' ],
518 silly audit   '@tailwindcss/oxide': [ '4.1.18' ],
518 silly audit   '@tailwindcss/oxide-android-arm64': [ '4.1.18' ],
518 silly audit   '@tailwindcss/oxide-darwin-arm64': [ '4.1.18' ],
518 silly audit   '@tailwindcss/oxide-darwin-x64': [ '4.1.18' ],
518 silly audit   '@tailwindcss/oxide-freebsd-x64': [ '4.1.18' ],
518 silly audit   '@tailwindcss/oxide-linux-arm-gnueabihf': [ '4.1.18' ],
518 silly audit   '@tailwindcss/oxide-linux-arm64-gnu': [ '4.1.18' ],
518 silly audit   '@tailwindcss/oxide-linux-arm64-musl': [ '4.1.18' ],
518 silly audit   '@tailwindcss/oxide-linux-x64-gnu': [ '4.1.18' ],
518 silly audit   '@tailwindcss/oxide-linux-x64-musl': [ '4.1.18' ],
518 silly audit   '@tailwindcss/oxide-wasm32-wasi': [ '4.1.18' ],
518 silly audit   '@tailwindcss/oxide-win32-arm64-msvc': [ '4.1.18' ],
518 silly audit   '@tailwindcss/oxide-win32-x64-msvc': [ '4.1.18' ],
518 silly audit   '@tailwindcss/postcss': [ '4.1.18' ],
518 silly audit   '@tybys/wasm-util': [ '0.10.1' ],
518 silly audit   '@types/diff-match-patch': [ '1.0.36' ],
518 silly audit   '@types/estree': [ '1.0.8' ],
518 silly audit   '@types/json-schema': [ '7.0.15' ],
518 silly audit   '@types/json5': [ '0.0.29' ],
518 silly audit   '@types/node': [ '20.19.27' ],
518 silly audit   '@types/react': [ '19.2.7' ],
518 silly audit   '@types/react-dom': [ '19.2.3' ],
518 silly audit   '@typescript-eslint/eslint-plugin': [ '8.50.0' ],
518 silly audit   ignore: [ '7.0.5', '5.3.2' ],
518 silly audit   '@typescript-eslint/parser': [ '8.50.0' ],
518 silly audit   '@typescript-eslint/project-service': [ '8.50.0' ],
518 silly audit   '@typescript-eslint/scope-manager': [ '8.50.0' ],
518 silly audit   '@typescript-eslint/tsconfig-utils': [ '8.50.0' ],
518 silly audit   '@typescript-eslint/type-utils': [ '8.50.0' ],
518 silly audit   '@typescript-eslint/types': [ '8.50.0' ],
518 silly audit   '@typescript-eslint/typescript-estree': [ '8.50.0' ],
518 silly audit   'brace-expansion': [ '2.0.2', '1.1.12' ],
518 silly audit   minimatch: [ '9.0.5', '3.1.2' ],
518 silly audit   semver: [ '7.7.3', '6.3.1' ],
518 silly audit   '@typescript-eslint/utils': [ '8.50.0' ],
518 silly audit   '@typescript-eslint/visitor-keys': [ '8.50.0' ],
518 silly audit   '@unrs/resolver-binding-android-arm-eabi': [ '1.11.1' ],
518 silly audit   '@unrs/resolver-binding-android-arm64': [ '1.11.1' ],
518 silly audit   '@unrs/resolver-binding-darwin-arm64': [ '1.11.1' ],
518 silly audit   '@unrs/resolver-binding-darwin-x64': [ '1.11.1' ],
518 silly audit   '@unrs/resolver-binding-freebsd-x64': [ '1.11.1' ],
518 silly audit   '@unrs/resolver-binding-linux-arm-gnueabihf': [ '1.11.1' ],
518 silly audit   '@unrs/resolver-binding-linux-arm-musleabihf': [ '1.11.1' ],
518 silly audit   '@unrs/resolver-binding-linux-arm64-gnu': [ '1.11.1' ],
518 silly audit   '@unrs/resolver-binding-linux-arm64-musl': [ '1.11.1' ],
518 silly audit   '@unrs/resolver-binding-linux-ppc64-gnu': [ '1.11.1' ],
518 silly audit   '@unrs/resolver-binding-linux-riscv64-gnu': [ '1.11.1' ],
518 silly audit   '@unrs/resolver-binding-linux-riscv64-musl': [ '1.11.1' ],
518 silly audit   '@unrs/resolver-binding-linux-s390x-gnu': [ '1.11.1' ],
518 silly audit   '@unrs/resolver-binding-linux-x64-gnu': [ '1.11.1' ],
518 silly audit   '@unrs/resolver-binding-linux-x64-musl': [ '1.11.1' ],
518 silly audit   '@unrs/resolver-binding-wasm32-wasi': [ '1.11.1' ],
518 silly audit   '@unrs/resolver-binding-win32-arm64-msvc': [ '1.11.1' ],
518 silly audit   '@unrs/resolver-binding-win32-ia32-msvc': [ '1.11.1' ],
518 silly audit   '@unrs/resolver-binding-win32-x64-msvc': [ '1.11.1' ],
518 silly audit   '@vue/compiler-core': [ '3.5.26' ],
518 silly audit   '@vue/compiler-dom': [ '3.5.26' ],
518 silly audit   '@vue/compiler-sfc': [ '3.5.26' ],
518 silly audit   '@vue/compiler-ssr': [ '3.5.26' ],
518 silly audit   '@vue/reactivity': [ '3.5.26' ],
518 silly audit   '@vue/runtime-core': [ '3.5.26' ],
518 silly audit   '@vue/runtime-dom': [ '3.5.26' ],
518 silly audit   '@vue/server-renderer': [ '3.5.26' ],
518 silly audit   '@vue/shared': [ '3.5.26' ],
518 silly audit   acorn: [ '8.15.0' ],
518 silly audit   'acorn-jsx': [ '5.3.2' ],
518 silly audit   ai: [ '3.4.33' ],
518 silly audit   ajv: [ '6.12.6' ],
518 silly audit   'ansi-styles': [ '4.3.0', '6.2.3' ],
518 silly audit   argparse: [ '2.0.1' ],
518 silly audit   'aria-query': [ '5.3.2' ],
518 silly audit   'array-buffer-byte-length': [ '1.0.2' ],
518 silly audit   'array-includes': [ '3.1.9' ],
518 silly audit   'array.prototype.findlast': [ '1.2.5' ],
518 silly audit   'array.prototype.findlastindex': [ '1.2.6' ],
518 silly audit   'array.prototype.flat': [ '1.3.3' ],
518 silly audit   'array.prototype.flatmap': [ '1.3.3' ],
518 silly audit   'array.prototype.tosorted': [ '1.1.4' ],
518 silly audit   'arraybuffer.prototype.slice': [ '1.0.4' ],
518 silly audit   'ast-types-flow': [ '0.0.8' ],
518 silly audit   'async-function': [ '1.0.0' ],
518 silly audit   'available-typed-arrays': [ '1.0.7' ],
518 silly audit   'axe-core': [ '4.11.0' ],
518 silly audit   'axobject-query': [ '4.1.0' ],
518 silly audit   'balanced-match': [ '1.0.2' ],
518 silly audit   'baseline-browser-mapping': [ '2.9.11' ],
518 silly audit   braces: [ '3.0.3' ],
518 silly audit   browserslist: [ '4.28.1' ],
518 silly audit   'call-bind': [ '1.0.8' ],
518 silly audit   'call-bind-apply-helpers': [ '1.0.2' ],
518 silly audit   'call-bound': [ '1.0.4' ],
518 silly audit   callsites: [ '3.1.0' ],
518 silly audit   'caniuse-lite': [ '1.0.30001761' ],
518 silly audit   chalk: [ '4.1.2', '5.6.2' ],
518 silly audit   'client-only': [ '0.0.1' ],
518 silly audit   clsx: [ '2.1.1' ],
518 silly audit   'color-convert': [ '2.0.1' ],
518 silly audit   'color-name': [ '1.1.4' ],
518 silly audit   'concat-map': [ '0.0.1' ],
518 silly audit   'convert-source-map': [ '2.0.0' ],
518 silly audit   'cross-spawn': [ '7.0.6' ],
518 silly audit   csstype: [ '3.2.3' ],
518 silly audit   'damerau-levenshtein': [ '1.0.8' ],
518 silly audit   'data-view-buffer': [ '1.0.2' ],
518 silly audit   'data-view-byte-length': [ '1.0.2' ],
518 silly audit   'data-view-byte-offset': [ '1.0.1' ],
518 silly audit   debug: [ '4.4.3', '3.2.7' ],
518 silly audit   'deep-is': [ '0.1.4' ],
518 silly audit   'define-data-property': [ '1.1.4' ],
518 silly audit   'define-properties': [ '1.2.1' ],
518 silly audit   dequal: [ '2.0.3' ],
518 silly audit   'detect-libc': [ '2.1.2' ],
518 silly audit   devalue: [ '5.6.1' ],
518 silly audit   'diff-match-patch': [ '1.0.5' ],
518 silly audit   doctrine: [ '2.1.0' ],
518 silly audit   'dunder-proto': [ '1.0.1' ],
518 silly audit   'electron-to-chromium': [ '1.5.267' ],
518 silly audit   'emoji-regex': [ '9.2.2', '8.0.0' ],
518 silly audit   'enhanced-resolve': [ '5.18.4' ],
518 silly audit   entities: [ '7.0.0' ],
518 silly audit   'es-abstract': [ '1.24.1' ],
518 silly audit   'es-define-property': [ '1.0.1' ],
518 silly audit   'es-errors': [ '1.3.0' ],
518 silly audit   'es-iterator-helpers': [ '1.2.2' ],
518 silly audit   'es-object-atoms': [ '1.1.1' ],
518 silly audit   'es-set-tostringtag': [ '2.1.0' ],
518 silly audit   'es-shim-unscopables': [ '1.1.0' ],
518 silly audit   'es-to-primitive': [ '1.3.0' ],
518 silly audit   escalade: [ '3.2.0' ],
518 silly audit   'escape-string-regexp': [ '4.0.0' ],
518 silly audit   eslint: [ '9.39.2' ],
518 silly audit   'eslint-config-next': [ '16.1.0' ],
518 silly audit   globals: [ '16.4.0', '14.0.0' ],
518 silly audit   'eslint-import-resolver-node': [ '0.3.9' ],
518 silly audit   'eslint-import-resolver-typescript': [ '3.10.1' ],
518 silly audit   'eslint-module-utils': [ '2.12.1' ],
518 silly audit   'eslint-plugin-import': [ '2.32.0' ],
518 silly audit   'eslint-plugin-jsx-a11y': [ '6.10.2' ],
518 silly audit   'eslint-plugin-react': [ '7.37.5' ],
518 silly audit   'eslint-plugin-react-hooks': [ '7.0.1' ],
518 silly audit   resolve: [ '2.0.0-next.5', '1.22.11' ],
518 silly audit   'eslint-scope': [ '8.4.0' ],
518 silly audit   'esm-env': [ '1.2.2' ],
518 silly audit   espree: [ '10.4.0' ],
518 silly audit   esquery: [ '1.6.0' ],
518 silly audit   esrap: [ '2.2.1' ],
518 silly audit   esrecurse: [ '4.3.0' ],
518 silly audit   estraverse: [ '5.3.0' ],
518 silly audit   'estree-walker': [ '2.0.2' ],
518 silly audit   esutils: [ '2.0.3' ],
518 silly audit   'eventsource-parser': [ '1.1.2' ],
518 silly audit   'fast-deep-equal': [ '3.1.3' ],
518 silly audit   'fast-glob': [ '3.3.1' ],
518 silly audit   'glob-parent': [ '5.1.2', '6.0.2' ],
518 silly audit   'fast-json-stable-stringify': [ '2.1.0' ],
518 silly audit   'fast-levenshtein': [ '2.0.6' ],
518 silly audit   fastq: [ '1.19.1' ],
518 silly audit   'file-entry-cache': [ '8.0.0' ],
518 silly audit   'fill-range': [ '7.1.1' ],
518 silly audit   'find-up': [ '5.0.0' ],
518 silly audit   'flat-cache': [ '4.0.1' ],
518 silly audit   flatted: [ '3.3.3' ],
518 silly audit   'for-each': [ '0.3.5' ],
518 silly audit   'framer-motion': [ '12.23.26' ],
518 silly audit   'function-bind': [ '1.1.2' ],
518 silly audit   'function.prototype.name': [ '1.1.8' ],
518 silly audit   'functions-have-names': [ '1.2.3' ],
518 silly audit   'generator-function': [ '2.0.1' ],
518 silly audit   gensync: [ '1.0.0-beta.2' ],
518 silly audit   'get-intrinsic': [ '1.3.0' ],
518 silly audit   'get-proto': [ '1.0.1' ],
518 silly audit   'get-symbol-description': [ '1.1.0' ],
518 silly audit   'get-tsconfig': [ '4.13.0' ],
518 silly audit   globalthis: [ '1.0.4' ],
518 silly audit   gopd: [ '1.2.0' ],
518 silly audit   'graceful-fs': [ '4.2.11' ],
518 silly audit   'has-bigints': [ '1.1.0' ],
518 silly audit   'has-flag': [ '4.0.0' ],
518 silly audit   'has-property-descriptors': [ '1.0.2' ],
518 silly audit   'has-proto': [ '1.2.0' ],
518 silly audit   'has-symbols': [ '1.1.0' ],
518 silly audit   'has-tostringtag': [ '1.0.2' ],
518 silly audit   hasown: [ '2.0.2' ],
518 silly audit   'hermes-estree': [ '0.25.1' ],
518 silly audit   'hermes-parser': [ '0.25.1' ],
518 silly audit   'import-fresh': [ '3.3.1' ],
518 silly audit   imurmurhash: [ '0.1.4' ],
518 silly audit   'internal-slot': [ '1.1.0' ],
518 silly audit   'is-array-buffer': [ '3.0.5' ],
518 silly audit   'is-async-function': [ '2.1.1' ],
518 silly audit   'is-bigint': [ '1.1.0' ],
518 silly audit   'is-boolean-object': [ '1.2.2' ],
518 silly audit   'is-bun-module': [ '2.0.0' ],
518 silly audit   'is-callable': [ '1.2.7' ],
518 silly audit   'is-core-module': [ '2.16.1' ],
518 silly audit   'is-data-view': [ '1.0.2' ],
518 silly audit   'is-date-object': [ '1.1.0' ],
518 silly audit   'is-extglob': [ '2.1.1' ],
518 silly audit   'is-finalizationregistry': [ '1.1.1' ],
518 silly audit   'is-generator-function': [ '1.1.2' ],
518 silly audit   'is-glob': [ '4.0.3' ],
518 silly audit   'is-map': [ '2.0.3' ],
518 silly audit   'is-negative-zero': [ '2.0.3' ],
518 silly audit   'is-number': [ '7.0.0' ],
518 silly audit   'is-number-object': [ '1.1.1' ],
518 silly audit   'is-reference': [ '3.0.3' ],
518 silly audit   'is-regex': [ '1.2.1' ],
518 silly audit   'is-set': [ '2.0.3' ],
518 silly audit   'is-shared-array-buffer': [ '1.0.4' ],
518 silly audit   'is-string': [ '1.1.1' ],
518 silly audit   'is-symbol': [ '1.1.1' ],
518 silly audit   'is-typed-array': [ '1.1.15' ],
518 silly audit   'is-weakmap': [ '2.0.2' ],
518 silly audit   'is-weakref': [ '1.1.1' ],
518 silly audit   'is-weakset': [ '2.0.4' ],
518 silly audit   isarray: [ '2.0.5' ],
518 silly audit   isexe: [ '2.0.0' ],
518 silly audit   'iterator.prototype': [ '1.1.5' ],
518 silly audit   jiti: [ '2.6.1' ],
518 silly audit   'js-tokens': [ '4.0.0' ],
518 silly audit   'js-yaml': [ '4.1.1' ],
518 silly audit   jsesc: [ '3.1.0' ],
518 silly audit   'json-buffer': [ '3.0.1' ],
518 silly audit   'json-schema': [ '0.4.0' ],
518 silly audit   'json-schema-traverse': [ '0.4.1' ],
518 silly audit   'json-stable-stringify-without-jsonify': [ '1.0.1' ],
518 silly audit   json5: [ '2.2.3', '1.0.2' ],
518 silly audit   jsondiffpatch: [ '0.6.0' ],
518 silly audit   'jsx-ast-utils': [ '3.3.5' ],
518 silly audit   keyv: [ '4.5.4' ],
518 silly audit   'language-subtag-registry': [ '0.3.23' ],
518 silly audit   'language-tags': [ '1.0.9' ],
518 silly audit   levn: [ '0.4.1' ],
518 silly audit   lightningcss: [ '1.30.2' ],
518 silly audit   'lightningcss-android-arm64': [ '1.30.2' ],
518 silly audit   'lightningcss-darwin-arm64': [ '1.30.2' ],
518 silly audit   'lightningcss-darwin-x64': [ '1.30.2' ],
518 silly audit   'lightningcss-freebsd-x64': [ '1.30.2' ],
518 silly audit   'lightningcss-linux-arm-gnueabihf': [ '1.30.2' ],
518 silly audit   'lightningcss-linux-arm64-gnu': [ '1.30.2' ],
518 silly audit   'lightningcss-linux-arm64-musl': [ '1.30.2' ],
518 silly audit   'lightningcss-linux-x64-gnu': [ '1.30.2' ],
518 silly audit   'lightningcss-linux-x64-musl': [ '1.30.2' ],
518 silly audit   'lightningcss-win32-arm64-msvc': [ '1.30.2' ],
518 silly audit   'lightningcss-win32-x64-msvc': [ '1.30.2' ],
518 silly audit   'locate-character': [ '3.0.0' ],
518 silly audit   'locate-path': [ '6.0.0' ],
518 silly audit   'lodash.merge': [ '4.6.2' ],
518 silly audit   'loose-envify': [ '1.4.0' ],
518 silly audit   'lru-cache': [ '5.1.1', '10.4.3' ],
518 silly audit   'lucide-react': [ '0.562.0' ],
518 silly audit   'magic-string': [ '0.30.21' ],
518 silly audit   'math-intrinsics': [ '1.1.0' ],
518 silly audit   merge2: [ '1.4.1' ],
518 silly audit   micromatch: [ '4.0.8' ],
518 silly audit   minimist: [ '1.2.8' ],
518 silly audit   'motion-dom': [ '12.23.23' ],
518 silly audit   'motion-utils': [ '12.23.6' ],
518 silly audit   ms: [ '2.1.3' ],
518 silly audit   nanoid: [ '3.3.11' ],
518 silly audit   'napi-postinstall': [ '0.3.4' ],
518 silly audit   'natural-compare': [ '1.4.0' ],
518 silly audit   next: [ '16.1.0' ],
518 silly audit   postcss: [ '8.4.31', '8.5.6' ],
518 silly audit   'node-releases': [ '2.0.27' ],
518 silly audit   'object-assign': [ '4.1.1' ],
518 silly audit   'object-inspect': [ '1.13.4' ],
518 silly audit   'object-keys': [ '1.1.1' ],
518 silly audit   'object.assign': [ '4.1.7' ],
518 silly audit   'object.entries': [ '1.1.9' ],
518 silly audit   'object.fromentries': [ '2.0.8' ],
518 silly audit   'object.groupby': [ '1.0.3' ],
518 silly audit   'object.values': [ '1.2.1' ],
518 silly audit   optionator: [ '0.9.4' ],
518 silly audit   'own-keys': [ '1.0.1' ],
518 silly audit   'p-limit': [ '3.1.0' ],
518 silly audit   'p-locate': [ '5.0.0' ],
518 silly audit   'parent-module': [ '1.0.1' ],
518 silly audit   'path-exists': [ '4.0.0' ],
518 silly audit   'path-key': [ '3.1.1' ],
518 silly audit   'path-parse': [ '1.0.7' ],
518 silly audit   picocolors: [ '1.1.1' ],
518 silly audit   picomatch: [ '2.3.1', '4.0.3' ],
518 silly audit   'possible-typed-array-names': [ '1.1.0' ],
518 silly audit   'prelude-ls': [ '1.2.1' ],
518 silly audit   'prop-types': [ '15.8.1' ],
518 silly audit   punycode: [ '2.3.1' ],
518 silly audit   'queue-microtask': [ '1.2.3' ],
518 silly audit   react: [ '19.2.3' ],
518 silly audit   'react-dom': [ '19.2.3' ],
518 silly audit   'react-is': [ '16.13.1' ],
518 silly audit   'reflect.getprototypeof': [ '1.0.10' ],
518 silly audit   'regexp.prototype.flags': [ '1.5.4' ],
518 silly audit   'resolve-from': [ '4.0.0' ],
518 silly audit   'resolve-pkg-maps': [ '1.0.0' ],
518 silly audit   reusify: [ '1.1.0' ],
518 silly audit   'run-parallel': [ '1.2.0' ],
518 silly audit   'safe-array-concat': [ '1.1.3' ],
518 silly audit   'safe-push-apply': [ '1.0.0' ],
518 silly audit   'safe-regex-test': [ '1.1.0' ],
518 silly audit   scheduler: [ '0.27.0' ],
518 silly audit   'secure-json-parse': [ '2.7.0' ],
518 silly audit   'set-function-length': [ '1.2.2' ],
518 silly audit   'set-function-name': [ '2.0.2' ],
518 silly audit   'set-proto': [ '1.0.0' ],
518 silly audit   sharp: [ '0.34.5' ],
518 silly audit   'shebang-command': [ '2.0.0' ],
518 silly audit   'shebang-regex': [ '3.0.0' ],
518 silly audit   'side-channel': [ '1.1.0' ],
518 silly audit   'side-channel-list': [ '1.0.0' ],
518 silly audit   'side-channel-map': [ '1.0.1' ],
518 silly audit   'side-channel-weakmap': [ '1.0.2' ],
518 silly audit   'source-map-js': [ '1.2.1' ],
518 silly audit   sswr: [ '2.2.0' ],
518 silly audit   'stable-hash': [ '0.0.5' ],
518 silly audit   'stop-iteration-iterator': [ '1.1.0' ],
518 silly audit   'string.prototype.includes': [ '2.0.1' ],
518 silly audit   'string.prototype.matchall': [ '4.0.12' ],
518 silly audit   'string.prototype.repeat': [ '1.0.0' ],
518 silly audit   'string.prototype.trim': [ '1.2.10' ],
518 silly audit   'string.prototype.trimend': [ '1.0.9' ],
518 silly audit   'string.prototype.trimstart': [ '1.0.8' ],
518 silly audit   'strip-bom': [ '3.0.0' ],
518 silly audit   'strip-json-comments': [ '3.1.1' ],
518 silly audit   'styled-jsx': [ '5.1.6' ],
518 silly audit   'supports-color': [ '7.2.0' ],
518 silly audit   'supports-preserve-symlinks-flag': [ '1.0.0' ],
518 silly audit   svelte: [ '5.46.0' ],
518 silly audit   swr: [ '2.3.8' ],
518 silly audit   swrev: [ '4.0.0' ],
518 silly audit   swrv: [ '1.1.0' ],
518 silly audit   'tailwind-merge': [ '3.4.0' ],
518 silly audit   tailwindcss: [ '4.1.18' ],
518 silly audit   tapable: [ '2.3.0' ],
518 silly audit   throttleit: [ '2.1.0' ],
518 silly audit   tinyglobby: [ '0.2.15' ],
518 silly audit   fdir: [ '6.5.0' ],
518 silly audit   'to-regex-range': [ '5.0.1' ],
518 silly audit   'ts-api-utils': [ '2.1.0' ],
518 silly audit   'tsconfig-paths': [ '3.15.0' ],
518 silly audit   tslib: [ '2.8.1' ],
518 silly audit   'type-check': [ '0.4.0' ],
518 silly audit   'typed-array-buffer': [ '1.0.3' ],
518 silly audit   'typed-array-byte-length': [ '1.0.3' ],
518 silly audit   'typed-array-byte-offset': [ '1.0.4' ],
518 silly audit   'typed-array-length': [ '1.0.7' ],
518 silly audit   typescript: [ '5.9.3' ],
518 silly audit   'typescript-eslint': [ '8.50.0' ],
518 silly audit   'unbox-primitive': [ '1.1.0' ],
518 silly audit   'undici-types': [ '6.21.0' ],
518 silly audit   'unrs-resolver': [ '1.11.1' ],
518 silly audit   'update-browserslist-db': [ '1.2.3' ],
518 silly audit   'uri-js': [ '4.4.1' ],
518 silly audit   'use-sync-external-store': [ '1.6.0' ],
518 silly audit   vue: [ '3.5.26' ],
518 silly audit   which: [ '2.0.2' ],
518 silly audit   'which-boxed-primitive': [ '1.1.1' ],
518 silly audit   'which-builtin-type': [ '1.2.1' ],
518 silly audit   'which-collection': [ '1.0.2' ],
518 silly audit   'which-typed-array': [ '1.1.19' ],
518 silly audit   'word-wrap': [ '1.2.5' ],
518 silly audit   yallist: [ '3.1.1' ],
518 silly audit   'yocto-queue': [ '0.1.0' ],
518 silly audit   zimmerframe: [ '1.1.4' ],
518 silly audit   zod: [ '3.25.76' ],
518 silly audit   'zod-to-json-schema': [ '3.25.0' ],
518 silly audit   'zod-validation-error': [ '4.0.2' ],
518 silly audit   '@google-cloud/text-to-speech': [ '6.4.0' ],
518 silly audit   'google-gax': [ '5.0.6' ],
518 silly audit   '@grpc/grpc-js': [ '1.14.3' ],
518 silly audit   '@grpc/proto-loader': [ '0.8.0' ],
518 silly audit   duplexify: [ '4.1.3' ],
518 silly audit   'google-auth-library': [ '10.5.0' ],
518 silly audit   'google-logging-utils': [ '1.1.3' ],
518 silly audit   'node-fetch': [ '3.3.2' ],
518 silly audit   'object-hash': [ '3.0.0' ],
518 silly audit   'proto3-json-serializer': [ '3.0.4' ],
518 silly audit   protobufjs: [ '7.5.4' ],
518 silly audit   'retry-request': [ '8.0.2' ],
518 silly audit   rimraf: [ '5.0.10' ],
518 silly audit   '@js-sdsl/ordered-map': [ '4.4.2' ],
518 silly audit   'lodash.camelcase': [ '4.3.0' ],
518 silly audit   long: [ '5.3.2' ],
518 silly audit   yargs: [ '17.7.2' ],
518 silly audit   'end-of-stream': [ '1.4.5' ],
518 silly audit   inherits: [ '2.0.4' ],
518 silly audit   'readable-stream': [ '3.6.2' ],
518 silly audit   'stream-shift': [ '1.0.3' ],
518 silly audit   once: [ '1.4.0' ],
518 silly audit   'base64-js': [ '1.5.1' ],
518 silly audit   'ecdsa-sig-formatter': [ '1.0.11' ],
518 silly audit   gaxios: [ '7.1.3' ],
518 silly audit   'gcp-metadata': [ '8.1.2' ],
518 silly audit   gtoken: [ '8.0.0' ],
518 silly audit   jws: [ '4.0.1' ],
518 silly audit   'safe-buffer': [ '5.2.1' ],
518 silly audit   extend: [ '3.0.2' ],
518 silly audit   'https-proxy-agent': [ '7.0.6', '5.0.1' ],
518 silly audit   'json-bigint': [ '1.0.0' ],
518 silly audit   'agent-base': [ '7.1.4', '6.0.2' ],
518 silly audit   'bignumber.js': [ '9.3.1' ],
518 silly audit   jwa: [ '2.0.1' ],
518 silly audit   'buffer-equal-constant-time': [ '1.0.1' ],
518 silly audit   'data-uri-to-buffer': [ '4.0.1' ],
518 silly audit   'fetch-blob': [ '3.2.0' ],
518 silly audit   'formdata-polyfill': [ '4.0.10' ],
518 silly audit   'node-domexception': [ '1.0.0' ],
518 silly audit   'web-streams-polyfill': [ '3.3.3' ],
518 silly audit   wrappy: [ '1.0.2' ],
518 silly audit   '@protobufjs/aspromise': [ '1.1.2' ],
518 silly audit   '@protobufjs/base64': [ '1.1.2' ],
518 silly audit   '@protobufjs/codegen': [ '2.0.4' ],
518 silly audit   '@protobufjs/eventemitter': [ '1.1.0' ],
518 silly audit   '@protobufjs/fetch': [ '1.1.0' ],
518 silly audit   '@protobufjs/float': [ '1.0.2' ],
518 silly audit   '@protobufjs/inquire': [ '1.1.0' ],
518 silly audit   '@protobufjs/path': [ '1.1.2' ],
518 silly audit   '@protobufjs/pool': [ '1.1.0' ],
518 silly audit   '@protobufjs/utf8': [ '1.1.0' ],
518 silly audit   string_decoder: [ '1.3.0' ],
518 silly audit   'util-deprecate': [ '1.0.2' ],
518 silly audit   'teeny-request': [ '10.1.0' ],
518 silly audit   glob: [ '10.5.0' ],
518 silly audit   'foreground-child': [ '3.3.1' ],
518 silly audit   jackspeak: [ '3.4.3' ],
518 silly audit   minipass: [ '7.1.2' ],
518 silly audit   'package-json-from-dist': [ '1.0.1' ],
518 silly audit   'path-scurry': [ '1.11.1' ],
518 silly audit   'signal-exit': [ '4.1.0' ],
518 silly audit   '@isaacs/cliui': [ '8.0.2' ],
518 silly audit   '@pkgjs/parseargs': [ '0.11.0' ],
518 silly audit   'string-width': [ '5.1.2', '4.2.3' ],
518 silly audit   'strip-ansi': [ '7.1.2', '6.0.1' ],
518 silly audit   'wrap-ansi': [ '8.1.0', '7.0.0' ],
518 silly audit   eastasianwidth: [ '0.2.0' ],
518 silly audit   'is-fullwidth-code-point': [ '3.0.0' ],
518 silly audit   'ansi-regex': [ '6.2.2', '5.0.1' ],
518 silly audit   'http-proxy-agent': [ '5.0.0' ],
518 silly audit   'stream-events': [ '1.0.5' ],
518 silly audit   '@tootallnate/once': [ '2.0.0' ],
518 silly audit   stubs: [ '3.0.0' ],
518 silly audit   cliui: [ '8.0.1' ],
518 silly audit   'get-caller-file': [ '2.0.5' ],
518 silly audit   'require-directory': [ '2.1.1' ],
518 silly audit   y18n: [ '5.0.8' ],
518 silly audit   'yargs-parser': [ '21.1.1' ]
518 silly audit }
519 http cache yargs-parser@https://registry.npmjs.org/yargs-parser/-/yargs-parser-21.1.1.tgz 0ms (cache hit)
520 http cache get-caller-file@https://registry.npmjs.org/get-caller-file/-/get-caller-file-2.0.5.tgz 0ms (cache hit)
521 http cache require-directory@https://registry.npmjs.org/require-directory/-/require-directory-2.1.1.tgz 0ms (cache hit)
522 http cache cliui@https://registry.npmjs.org/cliui/-/cliui-8.0.1.tgz 0ms (cache hit)
523 http cache @tootallnate/once@https://registry.npmjs.org/@tootallnate/once/-/once-2.0.0.tgz 0ms (cache hit)
524 http cache stream-events@https://registry.npmjs.org/stream-events/-/stream-events-1.0.5.tgz 0ms (cache hit)
525 http cache stubs@https://registry.npmjs.org/stubs/-/stubs-3.0.0.tgz 0ms (cache hit)
526 http cache is-fullwidth-code-point@https://registry.npmjs.org/is-fullwidth-code-point/-/is-fullwidth-code-point-3.0.0.tgz 0ms (cache hit)
527 http cache ansi-regex@https://registry.npmjs.org/ansi-regex/-/ansi-regex-6.2.2.tgz 0ms (cache hit)
528 http cache http-proxy-agent@https://registry.npmjs.org/http-proxy-agent/-/http-proxy-agent-5.0.0.tgz 0ms (cache hit)
529 http cache y18n@https://registry.npmjs.org/y18n/-/y18n-5.0.8.tgz 0ms (cache hit)
530 http cache strip-ansi@https://registry.npmjs.org/strip-ansi/-/strip-ansi-7.1.2.tgz 0ms (cache hit)
531 http cache strip-ansi-cjs@https://registry.npmjs.org/strip-ansi/-/strip-ansi-6.0.1.tgz 0ms (cache hit)
532 http cache wrap-ansi@https://registry.npmjs.org/wrap-ansi/-/wrap-ansi-8.1.0.tgz 0ms (cache hit)
533 http cache eastasianwidth@https://registry.npmjs.org/eastasianwidth/-/eastasianwidth-0.2.0.tgz 0ms (cache hit)
534 http cache wrap-ansi-cjs@https://registry.npmjs.org/wrap-ansi/-/wrap-ansi-7.0.0.tgz 0ms (cache hit)
535 http cache signal-exit@https://registry.npmjs.org/signal-exit/-/signal-exit-4.1.0.tgz 0ms (cache hit)
536 http cache string-width-cjs@https://registry.npmjs.org/string-width/-/string-width-4.2.3.tgz 0ms (cache hit)
537 http cache string-width@https://registry.npmjs.org/string-width/-/string-width-5.1.2.tgz 0ms (cache hit)
538 http cache minipass@https://registry.npmjs.org/minipass/-/minipass-7.1.2.tgz 0ms (cache hit)
539 http cache @pkgjs/parseargs@https://registry.npmjs.org/@pkgjs/parseargs/-/parseargs-0.11.0.tgz 0ms (cache hit)
540 http cache jackspeak@https://registry.npmjs.org/jackspeak/-/jackspeak-3.4.3.tgz 0ms (cache hit)
541 http cache package-json-from-dist@https://registry.npmjs.org/package-json-from-dist/-/package-json-from-dist-1.0.1.tgz 0ms (cache hit)
542 http cache path-scurry@https://registry.npmjs.org/path-scurry/-/path-scurry-1.11.1.tgz 0ms (cache hit)
543 http cache foreground-child@https://registry.npmjs.org/foreground-child/-/foreground-child-3.3.1.tgz 0ms (cache hit)
544 http cache glob@https://registry.npmjs.org/glob/-/glob-10.5.0.tgz 0ms (cache hit)
545 http cache @isaacs/cliui@https://registry.npmjs.org/@isaacs/cliui/-/cliui-8.0.2.tgz 0ms (cache hit)
546 http cache @protobufjs/path@https://registry.npmjs.org/@protobufjs/path/-/path-1.1.2.tgz 0ms (cache hit)
547 http cache teeny-request@https://registry.npmjs.org/teeny-request/-/teeny-request-10.1.0.tgz 0ms (cache hit)
548 http cache string_decoder@https://registry.npmjs.org/string_decoder/-/string_decoder-1.3.0.tgz 0ms (cache hit)
549 http cache @protobufjs/utf8@https://registry.npmjs.org/@protobufjs/utf8/-/utf8-1.1.0.tgz 0ms (cache hit)
550 http cache @protobufjs/pool@https://registry.npmjs.org/@protobufjs/pool/-/pool-1.1.0.tgz 0ms (cache hit)
551 http cache @protobufjs/eventemitter@https://registry.npmjs.org/@protobufjs/eventemitter/-/eventemitter-1.1.0.tgz 0ms (cache hit)
552 http cache @protobufjs/fetch@https://registry.npmjs.org/@protobufjs/fetch/-/fetch-1.1.0.tgz 0ms (cache hit)
553 http cache @protobufjs/base64@https://registry.npmjs.org/@protobufjs/base64/-/base64-1.1.2.tgz 0ms (cache hit)
554 http cache @protobufjs/float@https://registry.npmjs.org/@protobufjs/float/-/float-1.0.2.tgz 0ms (cache hit)
555 http cache @protobufjs/inquire@https://registry.npmjs.org/@protobufjs/inquire/-/inquire-1.1.0.tgz 0ms (cache hit)
556 http cache @protobufjs/codegen@https://registry.npmjs.org/@protobufjs/codegen/-/codegen-2.0.4.tgz 0ms (cache hit)
557 http cache node-domexception@https://registry.npmjs.org/node-domexception/-/node-domexception-1.0.0.tgz 0ms (cache hit)
558 http cache formdata-polyfill@https://registry.npmjs.org/formdata-polyfill/-/formdata-polyfill-4.0.10.tgz 0ms (cache hit)
559 http cache fetch-blob@https://registry.npmjs.org/fetch-blob/-/fetch-blob-3.2.0.tgz 0ms (cache hit)
560 http cache wrappy@https://registry.npmjs.org/wrappy/-/wrappy-1.0.2.tgz 0ms (cache hit)
561 http cache web-streams-polyfill@https://registry.npmjs.org/web-streams-polyfill/-/web-streams-polyfill-3.3.3.tgz 0ms (cache hit)
562 http cache buffer-equal-constant-time@https://registry.npmjs.org/buffer-equal-constant-time/-/buffer-equal-constant-time-1.0.1.tgz 0ms (cache hit)
563 http cache @protobufjs/aspromise@https://registry.npmjs.org/@protobufjs/aspromise/-/aspromise-1.1.2.tgz 0ms (cache hit)
564 http cache data-uri-to-buffer@https://registry.npmjs.org/data-uri-to-buffer/-/data-uri-to-buffer-4.0.1.tgz 0ms (cache hit)
565 http cache jwa@https://registry.npmjs.org/jwa/-/jwa-2.0.1.tgz 0ms (cache hit)
566 http cache bignumber.js@https://registry.npmjs.org/bignumber.js/-/bignumber.js-9.3.1.tgz 0ms (cache hit)
567 http cache json-bigint@https://registry.npmjs.org/json-bigint/-/json-bigint-1.0.0.tgz 0ms (cache hit)
568 http cache agent-base@https://registry.npmjs.org/agent-base/-/agent-base-7.1.4.tgz 0ms (cache hit)
569 http cache extend@https://registry.npmjs.org/extend/-/extend-3.0.2.tgz 0ms (cache hit)
570 http cache gaxios@https://registry.npmjs.org/gaxios/-/gaxios-7.1.3.tgz 0ms (cache hit)
571 http cache jws@https://registry.npmjs.org/jws/-/jws-4.0.1.tgz 0ms (cache hit)
572 http cache gcp-metadata@https://registry.npmjs.org/gcp-metadata/-/gcp-metadata-8.1.2.tgz 0ms (cache hit)
573 http cache util-deprecate@https://registry.npmjs.org/util-deprecate/-/util-deprecate-1.0.2.tgz 0ms (cache hit)
574 http cache https-proxy-agent@https://registry.npmjs.org/https-proxy-agent/-/https-proxy-agent-7.0.6.tgz 0ms (cache hit)
575 http cache ecdsa-sig-formatter@https://registry.npmjs.org/ecdsa-sig-formatter/-/ecdsa-sig-formatter-1.0.11.tgz 0ms (cache hit)
576 http cache safe-buffer@https://registry.npmjs.org/safe-buffer/-/safe-buffer-5.2.1.tgz 0ms (cache hit)
577 http cache once@https://registry.npmjs.org/once/-/once-1.4.0.tgz 0ms (cache hit)
578 http cache base64-js@https://registry.npmjs.org/base64-js/-/base64-js-1.5.1.tgz 0ms (cache hit)
579 http cache gtoken@https://registry.npmjs.org/gtoken/-/gtoken-8.0.0.tgz 0ms (cache hit)
580 http cache stream-shift@https://registry.npmjs.org/stream-shift/-/stream-shift-1.0.3.tgz 0ms (cache hit)
581 http cache inherits@https://registry.npmjs.org/inherits/-/inherits-2.0.4.tgz 0ms (cache hit)
582 http cache readable-stream@https://registry.npmjs.org/readable-stream/-/readable-stream-3.6.2.tgz 0ms (cache hit)
583 http cache long@https://registry.npmjs.org/long/-/long-5.3.2.tgz 0ms (cache hit)
584 http cache end-of-stream@https://registry.npmjs.org/end-of-stream/-/end-of-stream-1.4.5.tgz 0ms (cache hit)
585 http cache lodash.camelcase@https://registry.npmjs.org/lodash.camelcase/-/lodash.camelcase-4.3.0.tgz 0ms (cache hit)
586 http cache yargs@https://registry.npmjs.org/yargs/-/yargs-17.7.2.tgz 0ms (cache hit)
587 http cache rimraf@https://registry.npmjs.org/rimraf/-/rimraf-5.0.10.tgz 0ms (cache hit)
588 http cache @js-sdsl/ordered-map@https://registry.npmjs.org/@js-sdsl/ordered-map/-/ordered-map-4.4.2.tgz 0ms (cache hit)
589 http cache retry-request@https://registry.npmjs.org/retry-request/-/retry-request-8.0.2.tgz 0ms (cache hit)
590 http cache object-hash@https://registry.npmjs.org/object-hash/-/object-hash-3.0.0.tgz 0ms (cache hit)
591 http cache protobufjs@https://registry.npmjs.org/protobufjs/-/protobufjs-7.5.4.tgz 0ms (cache hit)
592 http cache google-logging-utils@https://registry.npmjs.org/google-logging-utils/-/google-logging-utils-1.1.3.tgz 0ms (cache hit)
593 http cache node-fetch@https://registry.npmjs.org/node-fetch/-/node-fetch-3.3.2.tgz 0ms (cache hit)
594 http cache duplexify@https://registry.npmjs.org/duplexify/-/duplexify-4.1.3.tgz 0ms (cache hit)
595 http cache google-auth-library@https://registry.npmjs.org/google-auth-library/-/google-auth-library-10.5.0.tgz 0ms (cache hit)
596 http cache proto3-json-serializer@https://registry.npmjs.org/proto3-json-serializer/-/proto3-json-serializer-3.0.4.tgz 0ms (cache hit)
597 http cache @grpc/grpc-js@https://registry.npmjs.org/@grpc/grpc-js/-/grpc-js-1.14.3.tgz 0ms (cache hit)
598 http cache google-gax@https://registry.npmjs.org/google-gax/-/google-gax-5.0.6.tgz 0ms (cache hit)
599 http cache @google-cloud/text-to-speech@https://registry.npmjs.org/@google-cloud/text-to-speech/-/text-to-speech-6.4.0.tgz 0ms (cache hit)
600 http cache @grpc/proto-loader@https://registry.npmjs.org/@grpc/proto-loader/-/proto-loader-0.8.0.tgz 0ms (cache hit)
601 http cache ansi-regex@https://registry.npmjs.org/ansi-regex/-/ansi-regex-5.0.1.tgz 0ms (cache hit)
602 http cache emoji-regex@https://registry.npmjs.org/emoji-regex/-/emoji-regex-8.0.0.tgz 0ms (cache hit)
603 http cache string-width@https://registry.npmjs.org/string-width/-/string-width-4.2.3.tgz 0ms (cache hit)
604 http cache strip-ansi@https://registry.npmjs.org/strip-ansi/-/strip-ansi-6.0.1.tgz 0ms (cache hit)
605 http cache agent-base@https://registry.npmjs.org/agent-base/-/agent-base-6.0.2.tgz 0ms (cache hit)
606 http cache emoji-regex@https://registry.npmjs.org/emoji-regex/-/emoji-regex-8.0.0.tgz 0ms (cache hit)
607 http cache strip-ansi@https://registry.npmjs.org/strip-ansi/-/strip-ansi-6.0.1.tgz 0ms (cache hit)
608 http cache ansi-regex@https://registry.npmjs.org/ansi-regex/-/ansi-regex-5.0.1.tgz 0ms (cache hit)
609 http cache string-width@https://registry.npmjs.org/string-width/-/string-width-4.2.3.tgz 0ms (cache hit)
610 http cache ansi-styles@https://registry.npmjs.org/ansi-styles/-/ansi-styles-6.2.3.tgz 0ms (cache hit)
611 http cache ansi-regex@https://registry.npmjs.org/ansi-regex/-/ansi-regex-5.0.1.tgz 0ms (cache hit)
612 http cache ansi-regex@https://registry.npmjs.org/ansi-regex/-/ansi-regex-5.0.1.tgz 0ms (cache hit)
613 http cache lru-cache@https://registry.npmjs.org/lru-cache/-/lru-cache-10.4.3.tgz 0ms (cache hit)
614 http cache minimatch@https://registry.npmjs.org/minimatch/-/minimatch-9.0.5.tgz 0ms (cache hit)
615 http cache agent-base@https://registry.npmjs.org/agent-base/-/agent-base-6.0.2.tgz 0ms (cache hit)
616 http cache https-proxy-agent@https://registry.npmjs.org/https-proxy-agent/-/https-proxy-agent-5.0.1.tgz 0ms (cache hit)
617 http cache strip-ansi@https://registry.npmjs.org/strip-ansi/-/strip-ansi-6.0.1.tgz 0ms (cache hit)
618 http cache ansi-regex@https://registry.npmjs.org/ansi-regex/-/ansi-regex-5.0.1.tgz 0ms (cache hit)
619 http cache brace-expansion@https://registry.npmjs.org/brace-expansion/-/brace-expansion-2.0.2.tgz 0ms (cache hit)
620 http cache strip-ansi@https://registry.npmjs.org/strip-ansi/-/strip-ansi-6.0.1.tgz 0ms (cache hit)
621 http cache wrap-ansi@https://registry.npmjs.org/wrap-ansi/-/wrap-ansi-7.0.0.tgz 0ms (cache hit)
622 silly tarball no local data for yargs-parser@https://registry.npmjs.org/yargs-parser/-/yargs-parser-21.1.1.tgz. Extracting by manifest.
623 http cache emoji-regex@https://registry.npmjs.org/emoji-regex/-/emoji-regex-8.0.0.tgz 0ms (cache hit)
624 http cache emoji-regex@https://registry.npmjs.org/emoji-regex/-/emoji-regex-8.0.0.tgz 0ms (cache hit)
625 silly tarball no local data for get-caller-file@https://registry.npmjs.org/get-caller-file/-/get-caller-file-2.0.5.tgz. Extracting by manifest.
626 silly tarball no local data for require-directory@https://registry.npmjs.org/require-directory/-/require-directory-2.1.1.tgz. Extracting by manifest.
627 http cache string-width@https://registry.npmjs.org/string-width/-/string-width-4.2.3.tgz 0ms (cache hit)
628 silly tarball no local data for cliui@https://registry.npmjs.org/cliui/-/cliui-8.0.1.tgz. Extracting by manifest.
629 silly tarball no local data for stream-events@https://registry.npmjs.org/stream-events/-/stream-events-1.0.5.tgz. Extracting by manifest.
630 silly tarball no local data for @tootallnate/once@https://registry.npmjs.org/@tootallnate/once/-/once-2.0.0.tgz. Extracting by manifest.
631 silly tarball no local data for stubs@https://registry.npmjs.org/stubs/-/stubs-3.0.0.tgz. Extracting by manifest.
632 silly tarball no local data for is-fullwidth-code-point@https://registry.npmjs.org/is-fullwidth-code-point/-/is-fullwidth-code-point-3.0.0.tgz. Extracting by manifest.
633 silly tarball no local data for ansi-regex@https://registry.npmjs.org/ansi-regex/-/ansi-regex-6.2.2.tgz. Extracting by manifest.
634 silly tarball no local data for http-proxy-agent@https://registry.npmjs.org/http-proxy-agent/-/http-proxy-agent-5.0.0.tgz. Extracting by manifest.
635 silly tarball no local data for y18n@https://registry.npmjs.org/y18n/-/y18n-5.0.8.tgz. Extracting by manifest.
636 silly tarball no local data for strip-ansi@https://registry.npmjs.org/strip-ansi/-/strip-ansi-7.1.2.tgz. Extracting by manifest.
637 silly tarball no local data for strip-ansi-cjs@https://registry.npmjs.org/strip-ansi/-/strip-ansi-6.0.1.tgz. Extracting by manifest.
638 silly tarball no local data for wrap-ansi@https://registry.npmjs.org/wrap-ansi/-/wrap-ansi-8.1.0.tgz. Extracting by manifest.
639 silly tarball no local data for eastasianwidth@https://registry.npmjs.org/eastasianwidth/-/eastasianwidth-0.2.0.tgz. Extracting by manifest.
640 silly tarball no local data for wrap-ansi-cjs@https://registry.npmjs.org/wrap-ansi/-/wrap-ansi-7.0.0.tgz. Extracting by manifest.
641 silly tarball no local data for signal-exit@https://registry.npmjs.org/signal-exit/-/signal-exit-4.1.0.tgz. Extracting by manifest.
642 silly tarball no local data for string-width-cjs@https://registry.npmjs.org/string-width/-/string-width-4.2.3.tgz. Extracting by manifest.
643 silly tarball no local data for string-width@https://registry.npmjs.org/string-width/-/string-width-5.1.2.tgz. Extracting by manifest.
644 silly tarball no local data for minipass@https://registry.npmjs.org/minipass/-/minipass-7.1.2.tgz. Extracting by manifest.
645 silly tarball no local data for @pkgjs/parseargs@https://registry.npmjs.org/@pkgjs/parseargs/-/parseargs-0.11.0.tgz. Extracting by manifest.
646 silly tarball no local data for jackspeak@https://registry.npmjs.org/jackspeak/-/jackspeak-3.4.3.tgz. Extracting by manifest.
647 silly tarball no local data for package-json-from-dist@https://registry.npmjs.org/package-json-from-dist/-/package-json-from-dist-1.0.1.tgz. Extracting by manifest.
648 silly tarball no local data for path-scurry@https://registry.npmjs.org/path-scurry/-/path-scurry-1.11.1.tgz. Extracting by manifest.
649 silly tarball no local data for foreground-child@https://registry.npmjs.org/foreground-child/-/foreground-child-3.3.1.tgz. Extracting by manifest.
650 silly tarball no local data for glob@https://registry.npmjs.org/glob/-/glob-10.5.0.tgz. Extracting by manifest.
651 silly tarball no local data for @isaacs/cliui@https://registry.npmjs.org/@isaacs/cliui/-/cliui-8.0.2.tgz. Extracting by manifest.
652 silly tarball no local data for @protobufjs/path@https://registry.npmjs.org/@protobufjs/path/-/path-1.1.2.tgz. Extracting by manifest.
653 silly tarball no local data for teeny-request@https://registry.npmjs.org/teeny-request/-/teeny-request-10.1.0.tgz. Extracting by manifest.
654 silly tarball no local data for string_decoder@https://registry.npmjs.org/string_decoder/-/string_decoder-1.3.0.tgz. Extracting by manifest.
655 silly tarball no local data for @protobufjs/utf8@https://registry.npmjs.org/@protobufjs/utf8/-/utf8-1.1.0.tgz. Extracting by manifest.
656 silly tarball no local data for @protobufjs/pool@https://registry.npmjs.org/@protobufjs/pool/-/pool-1.1.0.tgz. Extracting by manifest.
657 silly tarball no local data for @protobufjs/eventemitter@https://registry.npmjs.org/@protobufjs/eventemitter/-/eventemitter-1.1.0.tgz. Extracting by manifest.
658 silly tarball no local data for @protobufjs/fetch@https://registry.npmjs.org/@protobufjs/fetch/-/fetch-1.1.0.tgz. Extracting by manifest.
659 silly tarball no local data for @protobufjs/base64@https://registry.npmjs.org/@protobufjs/base64/-/base64-1.1.2.tgz. Extracting by manifest.
660 silly tarball no local data for @protobufjs/float@https://registry.npmjs.org/@protobufjs/float/-/float-1.0.2.tgz. Extracting by manifest.
661 silly tarball no local data for @protobufjs/inquire@https://registry.npmjs.org/@protobufjs/inquire/-/inquire-1.1.0.tgz. Extracting by manifest.
662 silly tarball no local data for @protobufjs/codegen@https://registry.npmjs.org/@protobufjs/codegen/-/codegen-2.0.4.tgz. Extracting by manifest.
663 silly tarball no local data for node-domexception@https://registry.npmjs.org/node-domexception/-/node-domexception-1.0.0.tgz. Extracting by manifest.
664 silly tarball no local data for formdata-polyfill@https://registry.npmjs.org/formdata-polyfill/-/formdata-polyfill-4.0.10.tgz. Extracting by manifest.
665 silly tarball no local data for fetch-blob@https://registry.npmjs.org/fetch-blob/-/fetch-blob-3.2.0.tgz. Extracting by manifest.
666 silly tarball no local data for wrappy@https://registry.npmjs.org/wrappy/-/wrappy-1.0.2.tgz. Extracting by manifest.
667 silly tarball no local data for web-streams-polyfill@https://registry.npmjs.org/web-streams-polyfill/-/web-streams-polyfill-3.3.3.tgz. Extracting by manifest.
668 silly tarball no local data for buffer-equal-constant-time@https://registry.npmjs.org/buffer-equal-constant-time/-/buffer-equal-constant-time-1.0.1.tgz. Extracting by manifest.
669 silly tarball no local data for @protobufjs/aspromise@https://registry.npmjs.org/@protobufjs/aspromise/-/aspromise-1.1.2.tgz. Extracting by manifest.
670 silly tarball no local data for data-uri-to-buffer@https://registry.npmjs.org/data-uri-to-buffer/-/data-uri-to-buffer-4.0.1.tgz. Extracting by manifest.
671 silly tarball no local data for jwa@https://registry.npmjs.org/jwa/-/jwa-2.0.1.tgz. Extracting by manifest.
672 silly tarball no local data for bignumber.js@https://registry.npmjs.org/bignumber.js/-/bignumber.js-9.3.1.tgz. Extracting by manifest.
673 silly tarball no local data for json-bigint@https://registry.npmjs.org/json-bigint/-/json-bigint-1.0.0.tgz. Extracting by manifest.
674 silly tarball no local data for agent-base@https://registry.npmjs.org/agent-base/-/agent-base-7.1.4.tgz. Extracting by manifest.
675 silly tarball no local data for extend@https://registry.npmjs.org/extend/-/extend-3.0.2.tgz. Extracting by manifest.
676 silly tarball no local data for gaxios@https://registry.npmjs.org/gaxios/-/gaxios-7.1.3.tgz. Extracting by manifest.
677 silly tarball no local data for jws@https://registry.npmjs.org/jws/-/jws-4.0.1.tgz. Extracting by manifest.
678 silly tarball no local data for gcp-metadata@https://registry.npmjs.org/gcp-metadata/-/gcp-metadata-8.1.2.tgz. Extracting by manifest.
679 silly tarball no local data for util-deprecate@https://registry.npmjs.org/util-deprecate/-/util-deprecate-1.0.2.tgz. Extracting by manifest.
680 silly tarball no local data for https-proxy-agent@https://registry.npmjs.org/https-proxy-agent/-/https-proxy-agent-7.0.6.tgz. Extracting by manifest.
681 silly tarball no local data for ecdsa-sig-formatter@https://registry.npmjs.org/ecdsa-sig-formatter/-/ecdsa-sig-formatter-1.0.11.tgz. Extracting by manifest.
682 silly tarball no local data for safe-buffer@https://registry.npmjs.org/safe-buffer/-/safe-buffer-5.2.1.tgz. Extracting by manifest.
683 silly tarball no local data for once@https://registry.npmjs.org/once/-/once-1.4.0.tgz. Extracting by manifest.
684 silly tarball no local data for base64-js@https://registry.npmjs.org/base64-js/-/base64-js-1.5.1.tgz. Extracting by manifest.
685 silly tarball no local data for gtoken@https://registry.npmjs.org/gtoken/-/gtoken-8.0.0.tgz. Extracting by manifest.
686 silly tarball no local data for stream-shift@https://registry.npmjs.org/stream-shift/-/stream-shift-1.0.3.tgz. Extracting by manifest.
687 silly tarball no local data for inherits@https://registry.npmjs.org/inherits/-/inherits-2.0.4.tgz. Extracting by manifest.
688 silly tarball no local data for long@https://registry.npmjs.org/long/-/long-5.3.2.tgz. Extracting by manifest.
689 silly tarball no local data for readable-stream@https://registry.npmjs.org/readable-stream/-/readable-stream-3.6.2.tgz. Extracting by manifest.
690 silly tarball no local data for end-of-stream@https://registry.npmjs.org/end-of-stream/-/end-of-stream-1.4.5.tgz. Extracting by manifest.
691 silly tarball no local data for lodash.camelcase@https://registry.npmjs.org/lodash.camelcase/-/lodash.camelcase-4.3.0.tgz. Extracting by manifest.
692 silly tarball no local data for yargs@https://registry.npmjs.org/yargs/-/yargs-17.7.2.tgz. Extracting by manifest.
693 silly tarball no local data for rimraf@https://registry.npmjs.org/rimraf/-/rimraf-5.0.10.tgz. Extracting by manifest.
694 silly tarball no local data for @js-sdsl/ordered-map@https://registry.npmjs.org/@js-sdsl/ordered-map/-/ordered-map-4.4.2.tgz. Extracting by manifest.
695 silly tarball no local data for retry-request@https://registry.npmjs.org/retry-request/-/retry-request-8.0.2.tgz. Extracting by manifest.
696 silly tarball no local data for object-hash@https://registry.npmjs.org/object-hash/-/object-hash-3.0.0.tgz. Extracting by manifest.
697 silly tarball no local data for protobufjs@https://registry.npmjs.org/protobufjs/-/protobufjs-7.5.4.tgz. Extracting by manifest.
698 silly tarball no local data for google-logging-utils@https://registry.npmjs.org/google-logging-utils/-/google-logging-utils-1.1.3.tgz. Extracting by manifest.
699 silly tarball no local data for node-fetch@https://registry.npmjs.org/node-fetch/-/node-fetch-3.3.2.tgz. Extracting by manifest.
700 silly tarball no local data for duplexify@https://registry.npmjs.org/duplexify/-/duplexify-4.1.3.tgz. Extracting by manifest.
701 silly tarball no local data for google-auth-library@https://registry.npmjs.org/google-auth-library/-/google-auth-library-10.5.0.tgz. Extracting by manifest.
702 silly tarball no local data for proto3-json-serializer@https://registry.npmjs.org/proto3-json-serializer/-/proto3-json-serializer-3.0.4.tgz. Extracting by manifest.
703 silly tarball no local data for @grpc/grpc-js@https://registry.npmjs.org/@grpc/grpc-js/-/grpc-js-1.14.3.tgz. Extracting by manifest.
704 silly tarball no local data for google-gax@https://registry.npmjs.org/google-gax/-/google-gax-5.0.6.tgz. Extracting by manifest.
705 silly tarball no local data for @google-cloud/text-to-speech@https://registry.npmjs.org/@google-cloud/text-to-speech/-/text-to-speech-6.4.0.tgz. Extracting by manifest.
706 silly tarball no local data for @grpc/proto-loader@https://registry.npmjs.org/@grpc/proto-loader/-/proto-loader-0.8.0.tgz. Extracting by manifest.
707 silly tarball no local data for ansi-regex@https://registry.npmjs.org/ansi-regex/-/ansi-regex-5.0.1.tgz. Extracting by manifest.
708 silly tarball no local data for emoji-regex@https://registry.npmjs.org/emoji-regex/-/emoji-regex-8.0.0.tgz. Extracting by manifest.
709 silly tarball no local data for string-width@https://registry.npmjs.org/string-width/-/string-width-4.2.3.tgz. Extracting by manifest.
710 silly tarball no local data for strip-ansi@https://registry.npmjs.org/strip-ansi/-/strip-ansi-6.0.1.tgz. Extracting by manifest.
711 silly tarball no local data for agent-base@https://registry.npmjs.org/agent-base/-/agent-base-6.0.2.tgz. Extracting by manifest.
712 silly tarball no local data for emoji-regex@https://registry.npmjs.org/emoji-regex/-/emoji-regex-8.0.0.tgz. Extracting by manifest.
713 silly tarball no local data for strip-ansi@https://registry.npmjs.org/strip-ansi/-/strip-ansi-6.0.1.tgz. Extracting by manifest.
714 silly tarball no local data for ansi-regex@https://registry.npmjs.org/ansi-regex/-/ansi-regex-5.0.1.tgz. Extracting by manifest.
715 silly tarball no local data for string-width@https://registry.npmjs.org/string-width/-/string-width-4.2.3.tgz. Extracting by manifest.
716 silly tarball no local data for ansi-styles@https://registry.npmjs.org/ansi-styles/-/ansi-styles-6.2.3.tgz. Extracting by manifest.
717 silly tarball no local data for ansi-regex@https://registry.npmjs.org/ansi-regex/-/ansi-regex-5.0.1.tgz. Extracting by manifest.
718 silly tarball no local data for ansi-regex@https://registry.npmjs.org/ansi-regex/-/ansi-regex-5.0.1.tgz. Extracting by manifest.
719 silly tarball no local data for lru-cache@https://registry.npmjs.org/lru-cache/-/lru-cache-10.4.3.tgz. Extracting by manifest.
720 silly tarball no local data for agent-base@https://registry.npmjs.org/agent-base/-/agent-base-6.0.2.tgz. Extracting by manifest.
721 silly tarball no local data for https-proxy-agent@https://registry.npmjs.org/https-proxy-agent/-/https-proxy-agent-5.0.1.tgz. Extracting by manifest.
722 silly tarball no local data for strip-ansi@https://registry.npmjs.org/strip-ansi/-/strip-ansi-6.0.1.tgz. Extracting by manifest.
723 silly tarball no local data for ansi-regex@https://registry.npmjs.org/ansi-regex/-/ansi-regex-5.0.1.tgz. Extracting by manifest.
724 silly tarball no local data for strip-ansi@https://registry.npmjs.org/strip-ansi/-/strip-ansi-6.0.1.tgz. Extracting by manifest.
725 silly tarball no local data for wrap-ansi@https://registry.npmjs.org/wrap-ansi/-/wrap-ansi-7.0.0.tgz. Extracting by manifest.
726 silly tarball no local data for emoji-regex@https://registry.npmjs.org/emoji-regex/-/emoji-regex-8.0.0.tgz. Extracting by manifest.
727 silly tarball no local data for emoji-regex@https://registry.npmjs.org/emoji-regex/-/emoji-regex-8.0.0.tgz. Extracting by manifest.
728 silly tarball no local data for string-width@https://registry.npmjs.org/string-width/-/string-width-4.2.3.tgz. Extracting by manifest.
729 http fetch GET 200 https://registry.npmjs.org/require-directory/-/require-directory-2.1.1.tgz 45ms (cache miss)
730 http fetch GET 200 https://registry.npmjs.org/cliui/-/cliui-8.0.1.tgz 45ms (cache miss)
731 http fetch GET 200 https://registry.npmjs.org/stream-events/-/stream-events-1.0.5.tgz 45ms (cache miss)
732 http fetch GET 200 https://registry.npmjs.org/yargs-parser/-/yargs-parser-21.1.1.tgz 47ms (cache miss)
733 http fetch GET 200 https://registry.npmjs.org/get-caller-file/-/get-caller-file-2.0.5.tgz 47ms (cache miss)
734 http fetch GET 200 https://registry.npmjs.org/signal-exit/-/signal-exit-4.1.0.tgz 76ms (cache miss)
735 http fetch GET 200 https://registry.npmjs.org/eastasianwidth/-/eastasianwidth-0.2.0.tgz 78ms (cache miss)
736 http fetch GET 200 https://registry.npmjs.org/string-width/-/string-width-4.2.3.tgz 78ms (cache miss)
737 http fetch GET 200 https://registry.npmjs.org/wrap-ansi/-/wrap-ansi-7.0.0.tgz 79ms (cache miss)
738 http fetch GET 200 https://registry.npmjs.org/string-width/-/string-width-5.1.2.tgz 79ms (cache miss)
739 http fetch GET 200 https://registry.npmjs.org/package-json-from-dist/-/package-json-from-dist-1.0.1.tgz 110ms (cache miss)
740 http fetch GET 200 https://registry.npmjs.org/jackspeak/-/jackspeak-3.4.3.tgz 113ms (cache miss)
741 http fetch GET 200 https://registry.npmjs.org/minipass/-/minipass-7.1.2.tgz 114ms (cache miss)
742 http fetch GET 200 https://registry.npmjs.org/path-scurry/-/path-scurry-1.11.1.tgz 114ms (cache miss)
743 http fetch GET 200 https://registry.npmjs.org/is-fullwidth-code-point/-/is-fullwidth-code-point-3.0.0.tgz 127ms (cache miss)
744 http fetch GET 200 https://registry.npmjs.org/stubs/-/stubs-3.0.0.tgz 162ms (cache miss)
745 http fetch GET 200 https://registry.npmjs.org/ansi-regex/-/ansi-regex-6.2.2.tgz 163ms (cache miss)
746 http fetch GET 200 https://registry.npmjs.org/http-proxy-agent/-/http-proxy-agent-5.0.0.tgz 164ms (cache miss)
747 http fetch GET 200 https://registry.npmjs.org/strip-ansi/-/strip-ansi-7.1.2.tgz 163ms (cache miss)
748 http fetch GET 200 https://registry.npmjs.org/y18n/-/y18n-5.0.8.tgz 164ms (cache miss)
749 http fetch GET 200 https://registry.npmjs.org/teeny-request/-/teeny-request-10.1.0.tgz 167ms (cache miss)
750 http fetch GET 200 https://registry.npmjs.org/foreground-child/-/foreground-child-3.3.1.tgz 167ms (cache miss)
751 http fetch GET 200 https://registry.npmjs.org/glob/-/glob-10.5.0.tgz 173ms (cache miss)
752 http fetch GET 200 https://registry.npmjs.org/string_decoder/-/string_decoder-1.3.0.tgz 174ms (cache miss)
753 http fetch GET 200 https://registry.npmjs.org/wrap-ansi/-/wrap-ansi-8.1.0.tgz 175ms (cache miss)
754 http fetch GET 200 https://registry.npmjs.org/strip-ansi/-/strip-ansi-6.0.1.tgz 191ms (cache miss)
755 http fetch GET 200 https://registry.npmjs.org/node-domexception/-/node-domexception-1.0.0.tgz 203ms (cache miss)
756 warn deprecated node-domexception@1.0.0: Use your platform's native DOMException instead
757 http fetch GET 200 https://registry.npmjs.org/formdata-polyfill/-/formdata-polyfill-4.0.10.tgz 228ms (cache miss)
758 http fetch GET 200 https://registry.npmjs.org/fetch-blob/-/fetch-blob-3.2.0.tgz 235ms (cache miss)
759 http fetch GET 200 https://registry.npmjs.org/wrappy/-/wrappy-1.0.2.tgz 258ms (cache miss)
760 http fetch POST 200 https://registry.npmjs.org/-/npm/v1/security/advisories/bulk 304ms
761 silly audit report {
761 silly audit report   ai: [
761 silly audit report     {
761 silly audit report       id: 1111095,
761 silly audit report       url: 'https://github.com/advisories/GHSA-rwvc-j5jr-mgvh',
761 silly audit report       title: "Vercel’s AI SDK's filetype whitelists can be bypassed when uploading files",
761 silly audit report       severity: 'low',
761 silly audit report       vulnerable_versions: '<5.0.52',
761 silly audit report       cwe: [Array],
761 silly audit report       cvss: [Object]
761 silly audit report     }
761 silly audit report   ],
761 silly audit report   jsondiffpatch: [
761 silly audit report     {
761 silly audit report       id: 1108189,
761 silly audit report       url: 'https://github.com/advisories/GHSA-33vc-wfww-vjfv',
761 silly audit report       title: 'jsondiffpatch is vulnerable to Cross-site Scripting (XSS) via HtmlFormatter::nodeBegin',
761 silly audit report       severity: 'moderate',
761 silly audit report       vulnerable_versions: '<0.7.2',
761 silly audit report       cwe: [Array],
761 silly audit report       cvss: [Object]
761 silly audit report     }
761 silly audit report   ]
761 silly audit report }
762 silly packumentCache corgi:https://registry.npmjs.org/ai cache-miss
763 silly packumentCache corgi:https://registry.npmjs.org/jsondiffpatch cache-miss
764 http fetch GET 200 https://registry.npmjs.org/buffer-equal-constant-time/-/buffer-equal-constant-time-1.0.1.tgz 303ms (cache miss)
765 http fetch GET 200 https://registry.npmjs.org/web-streams-polyfill/-/web-streams-polyfill-3.3.3.tgz 322ms (cache miss)
766 http fetch GET 200 https://registry.npmjs.org/data-uri-to-buffer/-/data-uri-to-buffer-4.0.1.tgz 332ms (cache miss)
767 http fetch GET 200 https://registry.npmjs.org/jwa/-/jwa-2.0.1.tgz 344ms (cache miss)
768 http fetch GET 200 https://registry.npmjs.org/json-bigint/-/json-bigint-1.0.0.tgz 369ms (cache miss)
769 http fetch GET 200 https://registry.npmjs.org/bignumber.js/-/bignumber.js-9.3.1.tgz 370ms (cache miss)
770 http fetch GET 200 https://registry.npmjs.org/@pkgjs/parseargs/-/parseargs-0.11.0.tgz 389ms (cache miss)
771 http fetch GET 200 https://registry.npmjs.org/extend/-/extend-3.0.2.tgz 402ms (cache miss)
772 http fetch GET 200 https://registry.npmjs.org/agent-base/-/agent-base-7.1.4.tgz 403ms (cache miss)
773 http fetch GET 200 https://registry.npmjs.org/@protobufjs/path/-/path-1.1.2.tgz 427ms (cache miss)
774 http fetch GET 200 https://registry.npmjs.org/@isaacs/cliui/-/cliui-8.0.2.tgz 432ms (cache miss)
775 http fetch GET 200 https://registry.npmjs.org/jws/-/jws-4.0.1.tgz 432ms (cache miss)
776 http fetch GET 200 https://registry.npmjs.org/gcp-metadata/-/gcp-metadata-8.1.2.tgz 432ms (cache miss)
777 http fetch GET 200 https://registry.npmjs.org/gaxios/-/gaxios-7.1.3.tgz 442ms (cache miss)
778 http fetch GET 200 https://registry.npmjs.org/util-deprecate/-/util-deprecate-1.0.2.tgz 443ms (cache miss)
779 http fetch GET 200 https://registry.npmjs.org/https-proxy-agent/-/https-proxy-agent-7.0.6.tgz 448ms (cache miss)
780 http fetch GET 200 https://registry.npmjs.org/safe-buffer/-/safe-buffer-5.2.1.tgz 457ms (cache miss)
781 http fetch GET 200 https://registry.npmjs.org/@protobufjs/eventemitter/-/eventemitter-1.1.0.tgz 460ms (cache miss)
782 http fetch GET 200 https://registry.npmjs.org/once/-/once-1.4.0.tgz 458ms (cache miss)
783 http fetch GET 200 https://registry.npmjs.org/ecdsa-sig-formatter/-/ecdsa-sig-formatter-1.0.11.tgz 458ms (cache miss)
784 http fetch GET 200 https://registry.npmjs.org/@protobufjs/utf8/-/utf8-1.1.0.tgz 460ms (cache miss)
785 http fetch GET 200 https://registry.npmjs.org/@protobufjs/base64/-/base64-1.1.2.tgz 465ms (cache miss)
786 http fetch GET 200 https://registry.npmjs.org/base64-js/-/base64-js-1.5.1.tgz 467ms (cache miss)
787 http fetch GET 200 https://registry.npmjs.org/@protobufjs/fetch/-/fetch-1.1.0.tgz 472ms (cache miss)
788 http fetch GET 200 https://registry.npmjs.org/gtoken/-/gtoken-8.0.0.tgz 479ms (cache miss)
789 http fetch GET 200 https://registry.npmjs.org/@protobufjs/inquire/-/inquire-1.1.0.tgz 480ms (cache miss)
790 http fetch GET 200 https://registry.npmjs.org/inherits/-/inherits-2.0.4.tgz 481ms (cache miss)
791 http fetch GET 200 https://registry.npmjs.org/@protobufjs/float/-/float-1.0.2.tgz 490ms (cache miss)
792 http fetch GET 200 https://registry.npmjs.org/stream-shift/-/stream-shift-1.0.3.tgz 489ms (cache miss)
793 http fetch GET 200 https://registry.npmjs.org/end-of-stream/-/end-of-stream-1.4.5.tgz 490ms (cache miss)
794 http fetch GET 200 https://registry.npmjs.org/long/-/long-5.3.2.tgz 492ms (cache miss)
795 http fetch GET 200 https://registry.npmjs.org/readable-stream/-/readable-stream-3.6.2.tgz 493ms (cache miss)
796 http fetch GET 200 https://registry.npmjs.org/lodash.camelcase/-/lodash.camelcase-4.3.0.tgz 495ms (cache miss)
797 http fetch GET 200 https://registry.npmjs.org/yargs/-/yargs-17.7.2.tgz 508ms (cache miss)
798 http fetch GET 200 https://registry.npmjs.org/retry-request/-/retry-request-8.0.2.tgz 508ms (cache miss)
799 http fetch GET 200 https://registry.npmjs.org/object-hash/-/object-hash-3.0.0.tgz 511ms (cache miss)
800 http fetch GET 200 https://registry.npmjs.org/duplexify/-/duplexify-4.1.3.tgz 523ms (cache miss)
801 http fetch GET 200 https://registry.npmjs.org/google-logging-utils/-/google-logging-utils-1.1.3.tgz 529ms (cache miss)
802 http fetch GET 200 https://registry.npmjs.org/node-fetch/-/node-fetch-3.3.2.tgz 538ms (cache miss)
803 http fetch GET 200 https://registry.npmjs.org/proto3-json-serializer/-/proto3-json-serializer-3.0.4.tgz 540ms (cache miss)
804 http fetch GET 200 https://registry.npmjs.org/rimraf/-/rimraf-5.0.10.tgz 546ms (cache miss)
805 http fetch GET 200 https://registry.npmjs.org/ansi-regex/-/ansi-regex-5.0.1.tgz 552ms (cache miss)
806 http fetch GET 200 https://registry.npmjs.org/strip-ansi/-/strip-ansi-6.0.1.tgz 557ms (cache miss)
807 http fetch GET 200 https://registry.npmjs.org/agent-base/-/agent-base-6.0.2.tgz 558ms (cache miss)
808 http fetch GET 200 https://registry.npmjs.org/google-auth-library/-/google-auth-library-10.5.0.tgz 559ms (cache miss)
809 http fetch GET 200 https://registry.npmjs.org/string-width/-/string-width-4.2.3.tgz 559ms (cache miss)
810 http fetch GET 200 https://registry.npmjs.org/emoji-regex/-/emoji-regex-8.0.0.tgz 560ms (cache miss)
811 http fetch GET 200 https://registry.npmjs.org/ansi-regex/-/ansi-regex-5.0.1.tgz 590ms (cache miss)
812 http fetch GET 200 https://registry.npmjs.org/emoji-regex/-/emoji-regex-8.0.0.tgz 590ms (cache miss)
813 http fetch GET 200 https://registry.npmjs.org/ansi-regex/-/ansi-regex-5.0.1.tgz 589ms (cache miss)
814 http fetch GET 200 https://registry.npmjs.org/ansi-styles/-/ansi-styles-6.2.3.tgz 589ms (cache miss)
815 http fetch GET 200 https://registry.npmjs.org/strip-ansi/-/strip-ansi-6.0.1.tgz 591ms (cache miss)
816 http fetch GET 200 https://registry.npmjs.org/ansi-regex/-/ansi-regex-5.0.1.tgz 590ms (cache miss)
817 http fetch GET 200 https://registry.npmjs.org/protobufjs/-/protobufjs-7.5.4.tgz 605ms (cache miss)
818 http fetch GET 200 https://registry.npmjs.org/string-width/-/string-width-4.2.3.tgz 607ms (cache miss)
819 http fetch GET 200 https://registry.npmjs.org/strip-ansi/-/strip-ansi-6.0.1.tgz 704ms (cache miss)
820 http fetch GET 200 https://registry.npmjs.org/ansi-regex/-/ansi-regex-5.0.1.tgz 704ms (cache miss)
821 http fetch GET 200 https://registry.npmjs.org/strip-ansi/-/strip-ansi-6.0.1.tgz 732ms (cache miss)
822 http fetch GET 200 https://registry.npmjs.org/wrap-ansi/-/wrap-ansi-7.0.0.tgz 781ms (cache miss)
823 http fetch GET 200 https://registry.npmjs.org/string-width/-/string-width-4.2.3.tgz 781ms (cache miss)
824 http fetch GET 200 https://registry.npmjs.org/@protobufjs/aspromise/-/aspromise-1.1.2.tgz 787ms (cache miss)
825 http fetch GET 200 https://registry.npmjs.org/emoji-regex/-/emoji-regex-8.0.0.tgz 783ms (cache miss)
826 http fetch GET 200 https://registry.npmjs.org/emoji-regex/-/emoji-regex-8.0.0.tgz 783ms (cache miss)
827 http fetch GET 200 https://registry.npmjs.org/https-proxy-agent/-/https-proxy-agent-5.0.1.tgz 785ms (cache miss)
828 http fetch GET 200 https://registry.npmjs.org/agent-base/-/agent-base-6.0.2.tgz 786ms (cache miss)
829 http fetch GET 200 https://registry.npmjs.org/@tootallnate/once/-/once-2.0.0.tgz 977ms (cache miss)
830 http fetch GET 200 https://registry.npmjs.org/@protobufjs/pool/-/pool-1.1.0.tgz 1065ms (cache miss)
831 http fetch GET 200 https://registry.npmjs.org/@js-sdsl/ordered-map/-/ordered-map-4.4.2.tgz 1076ms (cache miss)
832 http fetch GET 200 https://registry.npmjs.org/@grpc/proto-loader/-/proto-loader-0.8.0.tgz 1076ms (cache miss)
833 http fetch GET 200 https://registry.npmjs.org/lru-cache/-/lru-cache-10.4.3.tgz 1085ms (cache miss)
834 http fetch GET 200 https://registry.npmjs.org/@protobufjs/codegen/-/codegen-2.0.4.tgz 1098ms (cache miss)
835 http fetch GET 200 https://registry.npmjs.org/@google-cloud/text-to-speech/-/text-to-speech-6.4.0.tgz 1160ms (cache miss)
836 http fetch GET 200 https://registry.npmjs.org/google-gax/-/google-gax-5.0.6.tgz 1168ms (cache miss)
837 http fetch GET 200 https://registry.npmjs.org/@grpc/grpc-js/-/grpc-js-1.14.3.tgz 1286ms (cache miss)
838 info run protobufjs@7.5.4 postinstall node_modules/protobufjs node scripts/postinstall
839 info run protobufjs@7.5.4 postinstall { code: 0, signal: null }
840 http fetch GET 200 https://registry.npmjs.org/ai 1171ms (cache revalidated)
841 silly packumentCache corgi:https://registry.npmjs.org/ai set size:1053306 disposed:false
842 http fetch GET 200 https://registry.npmjs.org/jsondiffpatch 1203ms (cache revalidated)
843 silly packumentCache corgi:https://registry.npmjs.org/jsondiffpatch set size:70528 disposed:false
844 silly ADD node_modules/yargs-parser
845 silly ADD node_modules/y18n
846 silly ADD node_modules/require-directory
847 silly ADD node_modules/get-caller-file
848 silly ADD node_modules/cliui
849 silly ADD node_modules/cliui/node_modules/ansi-regex
850 silly ADD node_modules/cliui/node_modules/emoji-regex
851 silly ADD node_modules/cliui/node_modules/wrap-ansi
852 silly ADD node_modules/cliui/node_modules/strip-ansi
853 silly ADD node_modules/cliui/node_modules/string-width
854 silly ADD node_modules/stubs
855 silly ADD node_modules/@tootallnate/once
856 silly ADD node_modules/stream-events
857 silly ADD node_modules/http-proxy-agent
858 silly ADD node_modules/http-proxy-agent/node_modules/agent-base
859 silly ADD node_modules/ansi-regex
860 silly ADD node_modules/is-fullwidth-code-point
861 silly ADD node_modules/eastasianwidth
862 silly ADD node_modules/wrap-ansi-cjs
863 silly ADD node_modules/wrap-ansi-cjs/node_modules/ansi-regex
864 silly ADD node_modules/wrap-ansi-cjs/node_modules/emoji-regex
865 silly ADD node_modules/wrap-ansi-cjs/node_modules/strip-ansi
866 silly ADD node_modules/wrap-ansi-cjs/node_modules/string-width
867 silly ADD node_modules/wrap-ansi
868 silly ADD node_modules/wrap-ansi/node_modules/ansi-styles
869 silly ADD node_modules/strip-ansi-cjs
870 silly ADD node_modules/strip-ansi-cjs/node_modules/ansi-regex
871 silly ADD node_modules/strip-ansi
872 silly ADD node_modules/string-width-cjs
873 silly ADD node_modules/string-width-cjs/node_modules/ansi-regex
874 silly ADD node_modules/string-width-cjs/node_modules/strip-ansi
875 silly ADD node_modules/string-width-cjs/node_modules/emoji-regex
876 silly ADD node_modules/string-width
877 silly ADD node_modules/@pkgjs/parseargs
878 silly ADD node_modules/@isaacs/cliui
879 silly ADD node_modules/signal-exit
880 silly ADD node_modules/path-scurry
881 silly ADD node_modules/path-scurry/node_modules/lru-cache
882 silly ADD node_modules/package-json-from-dist
883 silly ADD node_modules/minipass
884 silly ADD node_modules/jackspeak
885 silly ADD node_modules/foreground-child
886 silly ADD node_modules/glob
887 silly ADD node_modules/glob/node_modules/brace-expansion
888 silly ADD node_modules/glob/node_modules/minimatch
889 silly ADD node_modules/teeny-request
890 silly ADD node_modules/teeny-request/node_modules/agent-base
891 silly ADD node_modules/teeny-request/node_modules/https-proxy-agent
892 silly ADD node_modules/util-deprecate
893 silly ADD node_modules/string_decoder
894 silly ADD node_modules/@protobufjs/utf8
895 silly ADD node_modules/@protobufjs/pool
896 silly ADD node_modules/@protobufjs/path
897 silly ADD node_modules/@protobufjs/inquire
898 silly ADD node_modules/@protobufjs/float
899 silly ADD node_modules/@protobufjs/fetch
900 silly ADD node_modules/@protobufjs/eventemitter
901 silly ADD node_modules/@protobufjs/codegen
902 silly ADD node_modules/@protobufjs/base64
903 silly ADD node_modules/@protobufjs/aspromise
904 silly ADD node_modules/wrappy
905 silly ADD node_modules/web-streams-polyfill
906 silly ADD node_modules/node-domexception
907 silly ADD node_modules/formdata-polyfill
908 silly ADD node_modules/fetch-blob
909 silly ADD node_modules/data-uri-to-buffer
910 silly ADD node_modules/buffer-equal-constant-time
911 silly ADD node_modules/jwa
912 silly ADD node_modules/bignumber.js
913 silly ADD node_modules/agent-base
914 silly ADD node_modules/json-bigint
915 silly ADD node_modules/https-proxy-agent
916 silly ADD node_modules/extend
917 silly ADD node_modules/safe-buffer
918 silly ADD node_modules/jws
919 silly ADD node_modules/gtoken
920 silly ADD node_modules/gcp-metadata
921 silly ADD node_modules/gaxios
922 silly ADD node_modules/ecdsa-sig-formatter
923 silly ADD node_modules/base64-js
924 silly ADD node_modules/once
925 silly ADD node_modules/stream-shift
926 silly ADD node_modules/readable-stream
927 silly ADD node_modules/inherits
928 silly ADD node_modules/end-of-stream
929 silly ADD node_modules/yargs
930 silly ADD node_modules/yargs/node_modules/ansi-regex
931 silly ADD node_modules/yargs/node_modules/strip-ansi
932 silly ADD node_modules/yargs/node_modules/emoji-regex
933 silly ADD node_modules/yargs/node_modules/string-width
934 silly ADD node_modules/long
935 silly ADD node_modules/lodash.camelcase
936 silly ADD node_modules/@js-sdsl/ordered-map
937 silly ADD node_modules/rimraf
938 silly ADD node_modules/retry-request
939 silly ADD node_modules/protobufjs
940 silly ADD node_modules/proto3-json-serializer
941 silly ADD node_modules/object-hash
942 silly ADD node_modules/node-fetch
943 silly ADD node_modules/google-logging-utils
944 silly ADD node_modules/google-auth-library
945 silly ADD node_modules/duplexify
946 silly ADD node_modules/@grpc/proto-loader
947 silly ADD node_modules/@grpc/grpc-js
948 silly ADD node_modules/google-gax
949 silly ADD node_modules/@google-cloud/text-to-speech
950 verbose cwd /Users/sargupta/AIPodcast
951 verbose os Darwin 25.2.0
952 verbose node v24.6.0
953 verbose npm  v11.5.1
954 verbose exit 0
955 info ok
